[
{
   "model": "contenttypes.contenttype",
   "pk": 1,
   "fields": {
      "app_label": "admin",
      "model": "logentry"
   }
},
{
   "model": "contenttypes.contenttype",
   "pk": 2,
   "fields": {
      "app_label": "auth",
      "model": "permission"
   }
},
{
   "model": "contenttypes.contenttype",
   "pk": 3,
   "fields": {
      "app_label": "auth",
      "model": "group"
   }
},
{
   "model": "contenttypes.contenttype",
   "pk": 4,
   "fields": {
      "app_label": "auth",
      "model": "user"
   }
},
{
   "model": "contenttypes.contenttype",
   "pk": 5,
   "fields": {
      "app_label": "contenttypes",
      "model": "contenttype"
   }
},
{
   "model": "contenttypes.contenttype",
   "pk": 6,
   "fields": {
      "app_label": "sessions",
      "model": "session"
   }
},
{
   "model": "contenttypes.contenttype",
   "pk": 7,
   "fields": {
      "app_label": "landing",
      "model": "subscriber"
   }
},
{
   "model": "contenttypes.contenttype",
   "pk": 8,
   "fields": {
      "app_label": "orders",
      "model": "order"
   }
},
{
   "model": "contenttypes.contenttype",
   "pk": 9,
   "fields": {
      "app_label": "orders",
      "model": "status"
   }
},
{
   "model": "contenttypes.contenttype",
   "pk": 10,
   "fields": {
      "app_label": "orders",
      "model": "productinorder"
   }
},
{
   "model": "contenttypes.contenttype",
   "pk": 11,
   "fields": {
      "app_label": "products",
      "model": "product"
   }
},
{
   "model": "contenttypes.contenttype",
   "pk": 12,
   "fields": {
      "app_label": "products",
      "model": "productimage"
   }
},
{
   "model": "contenttypes.contenttype",
   "pk": 13,
   "fields": {
      "app_label": "products",
      "model": "productcategory"
   }
},
{
   "model": "contenttypes.contenttype",
   "pk": 14,
   "fields": {
      "app_label": "orders",
      "model": "productincart"
   }
},
{
   "model": "contenttypes.contenttype",
   "pk": 15,
   "fields": {
      "app_label": "landing",
      "model": "maincarousel"
   }
},
{
   "model": "contenttypes.contenttype",
   "pk": 16,
   "fields": {
      "app_label": "landing",
      "model": "backgroundimage"
   }
},
{
   "model": "contenttypes.contenttype",
   "pk": 17,
   "fields": {
      "app_label": "background_image",
      "model": "backgroundimage"
   }
},
{
   "model": "sessions.session",
   "pk": "0wrumctl7kj8k9h92wx3i1tudx4am19a",
   "fields": {
      "session_data": "ZTNmZjY0MTQ2YTQyZGM1ODNhODRhYzlkZGE5NjFiZWFmOTMwYTdiODp7Il9hdXRoX3VzZXJfaWQiOiIxIiwiX2F1dGhfdXNlcl9iYWNrZW5kIjoiZGphbmdvLmNvbnRyaWIuYXV0aC5iYWNrZW5kcy5Nb2RlbEJhY2tlbmQiLCJfYXV0aF91c2VyX2hhc2giOiJkZTE2NWI4YjFiMzgwMTY4ZWFhOTcyM2MwMGFiYWVjZDgxZDYzNzdkIn0=",
      "expire_date": "2019-08-17T19:11:46.671Z"
   }
},
{
   "model": "sessions.session",
   "pk": "igvz72sh06p8sb0cnql0jai51t2kofia",
   "fields": {
      "session_data": "ZTNmZjY0MTQ2YTQyZGM1ODNhODRhYzlkZGE5NjFiZWFmOTMwYTdiODp7Il9hdXRoX3VzZXJfaWQiOiIxIiwiX2F1dGhfdXNlcl9iYWNrZW5kIjoiZGphbmdvLmNvbnRyaWIuYXV0aC5iYWNrZW5kcy5Nb2RlbEJhY2tlbmQiLCJfYXV0aF91c2VyX2hhc2giOiJkZTE2NWI4YjFiMzgwMTY4ZWFhOTcyM2MwMGFiYWVjZDgxZDYzNzdkIn0=",
      "expire_date": "2019-07-05T20:10:14.656Z"
   }
},
{
   "model": "sessions.session",
   "pk": "jvj4t3dv8auh9ytbhtvnsgxvh1sxrxne",
   "fields": {
      "session_data": "ZTNmZjY0MTQ2YTQyZGM1ODNhODRhYzlkZGE5NjFiZWFmOTMwYTdiODp7Il9hdXRoX3VzZXJfaWQiOiIxIiwiX2F1dGhfdXNlcl9iYWNrZW5kIjoiZGphbmdvLmNvbnRyaWIuYXV0aC5iYWNrZW5kcy5Nb2RlbEJhY2tlbmQiLCJfYXV0aF91c2VyX2hhc2giOiJkZTE2NWI4YjFiMzgwMTY4ZWFhOTcyM2MwMGFiYWVjZDgxZDYzNzdkIn0=",
      "expire_date": "2019-07-28T14:43:47.985Z"
   }
},
{
   "model": "sessions.session",
   "pk": "r5ygpmuosesvf43t4pg5t3pmcqvx9itg",
   "fields": {
      "session_data": "ZTNmZjY0MTQ2YTQyZGM1ODNhODRhYzlkZGE5NjFiZWFmOTMwYTdiODp7Il9hdXRoX3VzZXJfaWQiOiIxIiwiX2F1dGhfdXNlcl9iYWNrZW5kIjoiZGphbmdvLmNvbnRyaWIuYXV0aC5iYWNrZW5kcy5Nb2RlbEJhY2tlbmQiLCJfYXV0aF91c2VyX2hhc2giOiJkZTE2NWI4YjFiMzgwMTY4ZWFhOTcyM2MwMGFiYWVjZDgxZDYzNzdkIn0=",
      "expire_date": "2019-08-17T19:35:35.637Z"
   }
},
{
   "model": "sessions.session",
   "pk": "x1g2g3nn96aalb2ertihtxy2mojh67ns",
   "fields": {
      "session_data": "ZTNmZjY0MTQ2YTQyZGM1ODNhODRhYzlkZGE5NjFiZWFmOTMwYTdiODp7Il9hdXRoX3VzZXJfaWQiOiIxIiwiX2F1dGhfdXNlcl9iYWNrZW5kIjoiZGphbmdvLmNvbnRyaWIuYXV0aC5iYWNrZW5kcy5Nb2RlbEJhY2tlbmQiLCJfYXV0aF91c2VyX2hhc2giOiJkZTE2NWI4YjFiMzgwMTY4ZWFhOTcyM2MwMGFiYWVjZDgxZDYzNzdkIn0=",
      "expire_date": "2019-07-13T17:46:22.539Z"
   }
},
{
   "model": "landing.subscriber",
   "pk": 8,
   "fields": {
      "email": "test1@ttt.ru"
   }
},
{
   "model": "landing.subscriber",
   "pk": 9,
   "fields": {
      "email": "test1@ttt.ru"
   }
},
{
   "model": "landing.subscriber",
   "pk": 10,
   "fields": {
      "email": "test4@mmail.ru"
   }
},
{
   "model": "landing.subscriber",
   "pk": 11,
   "fields": {
      "email": "test4@mmail.ru"
   }
},
{
   "model": "landing.subscriber",
   "pk": 12,
   "fields": {
      "email": "test4@mmail.ru"
   }
},
{
   "model": "landing.subscriber",
   "pk": 13,
   "fields": {
      "email": "test11@ttt.ru"
   }
},
{
   "model": "landing.subscriber",
   "pk": 14,
   "fields": {
      "email": "test11@ttt.ru"
   }
},
{
   "model": "landing.subscriber",
   "pk": 15,
   "fields": {
      "email": "test11@ttt.ru"
   }
},
{
   "model": "landing.subscriber",
   "pk": 16,
   "fields": {
      "email": "test11@ttt.ru"
   }
},
{
   "model": "landing.subscriber",
   "pk": 17,
   "fields": {
      "email": "test11@ttt.ru"
   }
},
{
   "model": "landing.subscriber",
   "pk": 18,
   "fields": {
      "email": "test11@ttt.ru"
   }
},
{
   "model": "landing.subscriber",
   "pk": 19,
   "fields": {
      "email": "test11@ttt.ru"
   }
},
{
   "model": "landing.subscriber",
   "pk": 20,
   "fields": {
      "email": "test11@ttt.ru"
   }
},
{
   "model": "landing.subscriber",
   "pk": 21,
   "fields": {
      "email": "test11@ttt.ru"
   }
},
{
   "model": "landing.subscriber",
   "pk": 22,
   "fields": {
      "email": "test11@ttt.ru"
   }
},
{
   "model": "landing.subscriber",
   "pk": 23,
   "fields": {
      "email": "test11@ttt.ru"
   }
},
{
   "model": "landing.subscriber",
   "pk": 24,
   "fields": {
      "email": "test11@ttt.ru"
   }
},
{
   "model": "landing.subscriber",
   "pk": 25,
   "fields": {
      "email": "test11@ttt.ru"
   }
},
{
   "model": "landing.subscriber",
   "pk": 26,
   "fields": {
      "email": "test11@ttt.ru"
   }
},
{
   "model": "landing.subscriber",
   "pk": 27,
   "fields": {
      "email": "test11@ttt.ru"
   }
},
{
   "model": "landing.subscriber",
   "pk": 28,
   "fields": {
      "email": "test11@ttt.ru"
   }
},
{
   "model": "landing.subscriber",
   "pk": 29,
   "fields": {
      "email": "test11@ttt.ru"
   }
},
{
   "model": "landing.subscriber",
   "pk": 30,
   "fields": {
      "email": "test11@ttt.ru"
   }
},
{
   "model": "landing.subscriber",
   "pk": 31,
   "fields": {
      "email": "test11@ttt.ru"
   }
},
{
   "model": "landing.subscriber",
   "pk": 32,
   "fields": {
      "email": "test11@ttt.ru"
   }
},
{
   "model": "landing.subscriber",
   "pk": 33,
   "fields": {
      "email": "test11@ttt.ru"
   }
},
{
   "model": "landing.subscriber",
   "pk": 34,
   "fields": {
      "email": "test11@ttt.ru"
   }
},
{
   "model": "landing.subscriber",
   "pk": 35,
   "fields": {
      "email": "test11@ttt.ru"
   }
},
{
   "model": "landing.subscriber",
   "pk": 36,
   "fields": {
      "email": "test11@ttt.ru"
   }
},
{
   "model": "landing.subscriber",
   "pk": 37,
   "fields": {
      "email": "test11@ttt.ru"
   }
},
{
   "model": "landing.maincarousel",
   "pk": 1,
   "fields": {
      "name": "First slide",
      "description": "Nulla vitae elit libero, a pharetra augue mollis interdum.",
      "image": "static/main_carousel/02.jpg",
      "is_active": true
   }
},
{
   "model": "landing.maincarousel",
   "pk": 2,
   "fields": {
      "name": "Second slide",
      "description": "Nulla vitae elit libero, a pharetra augue mollis interdum.",
      "image": "static/main_carousel/05.jpg",
      "is_active": true
   }
},
{
   "model": "landing.maincarousel",
   "pk": 3,
   "fields": {
      "name": "Third slide",
      "description": "Nulla vitae elit libero, a pharetra augue mollis interdum.",
      "image": "static/main_carousel/03.jpg",
      "is_active": true
   }
},
{
   "model": "landing.backgroundimage",
   "pk": 2,
   "fields": {
      "name": "Colorful pattern",
      "description": "Perfect colorful background. Fit to colorful site",
      "image": "static/bg_images/18_q85W4Ad.png",
      "is_active": true
   }
},
{
   "model": "orders.status",
   "pk": 1,
   "fields": {
      "name": "[1] New Order",
      "is_active": true,
      "created": "2019-06-22T18:47:19.467Z",
      "updated": "2019-08-11T08:48:37.312Z"
   }
},
{
   "model": "orders.status",
   "pk": 2,
   "fields": {
      "name": "[2] Confirmed by buyer",
      "is_active": true,
      "created": "2019-06-22T18:47:45.122Z",
      "updated": "2019-08-11T08:48:56.778Z"
   }
},
{
   "model": "orders.status",
   "pk": 3,
   "fields": {
      "name": "[3] Payed",
      "is_active": true,
      "created": "2019-06-22T18:48:38.954Z",
      "updated": "2019-08-11T08:49:09.990Z"
   }
},
{
   "model": "orders.status",
   "pk": 4,
   "fields": {
      "name": "[4] In Preparation",
      "is_active": true,
      "created": "2019-06-22T18:49:32.391Z",
      "updated": "2019-08-11T08:51:55.958Z"
   }
},
{
   "model": "orders.status",
   "pk": 5,
   "fields": {
      "name": "[5] Have been sent",
      "is_active": true,
      "created": "2019-06-22T18:50:41.864Z",
      "updated": "2019-08-11T08:57:29.504Z"
   }
},
{
   "model": "orders.status",
   "pk": 6,
   "fields": {
      "name": "[6] Delivered",
      "is_active": true,
      "created": "2019-06-22T18:50:59.721Z",
      "updated": "2019-08-11T08:57:48.049Z"
   }
},
{
   "model": "orders.status",
   "pk": 7,
   "fields": {
      "name": "DECLINED",
      "is_active": true,
      "created": "2019-06-22T18:52:14.025Z",
      "updated": "2019-08-11T08:58:19.032Z"
   }
},
{
   "model": "orders.productinorder",
   "pk": 29,
   "fields": {
      "image_url": "/media/static/products_images/tomatoes.png",
      "order": 41,
      "product": 11,
      "customer_email": "test11@rrr.tt",
      "customer_name": "test11@rrr.tt",
      "customer_phone": null,
      "nmb": 1,
      "price_per_item": "2.00",
      "total_price": "2.00",
      "is_active": true,
      "created": "2019-08-09T19:33:13.881Z",
      "updated": "2019-08-09T19:33:13.881Z"
   }
},
{
   "model": "orders.productinorder",
   "pk": 30,
   "fields": {
      "image_url": "/media/static/products_images/free-berry-white-organic-drink.jpg",
      "order": 42,
      "product": 26,
      "customer_email": "test11@ttt.rrr",
      "customer_name": "test11@ttt.rrr",
      "customer_phone": null,
      "nmb": 1,
      "price_per_item": "2.92",
      "total_price": "2.92",
      "is_active": true,
      "created": "2019-08-10T12:34:11.333Z",
      "updated": "2019-08-10T12:34:11.333Z"
   }
},
{
   "model": "orders.productinorder",
   "pk": 31,
   "fields": {
      "image_url": "/media/static/products_images/0012_n.jpg",
      "order": 43,
      "product": 7,
      "customer_email": "test11@ttt.rr",
      "customer_name": "test11@ttt.rr",
      "customer_phone": null,
      "nmb": 1,
      "price_per_item": "2.25",
      "total_price": "2.25",
      "is_active": true,
      "created": "2019-08-10T12:36:48.612Z",
      "updated": "2019-08-10T12:36:48.612Z"
   }
},
{
   "model": "orders.productinorder",
   "pk": 32,
   "fields": {
      "image_url": "/media/static/products_images/0013_g1HJxfO.jpg",
      "order": 44,
      "product": 1,
      "customer_email": "test11@ttt.ru",
      "customer_name": "test11@ttt.ru",
      "customer_phone": null,
      "nmb": 1,
      "price_per_item": "20.00",
      "total_price": "20.00",
      "is_active": true,
      "created": "2019-08-10T12:38:26.037Z",
      "updated": "2019-08-10T12:38:26.037Z"
   }
},
{
   "model": "orders.productinorder",
   "pk": 33,
   "fields": {
      "image_url": "/media/static/products_images/0007.jpeg",
      "order": 45,
      "product": 4,
      "customer_email": "test11@ttt.ru",
      "customer_name": "test11@ttt.ru",
      "customer_phone": null,
      "nmb": 1,
      "price_per_item": "1.50",
      "total_price": "1.50",
      "is_active": true,
      "created": "2019-08-10T13:09:42.247Z",
      "updated": "2019-08-10T13:09:42.247Z"
   }
},
{
   "model": "orders.productinorder",
   "pk": 34,
   "fields": {
      "image_url": "/media/static/products_images/cabbage.jpg",
      "order": 46,
      "product": 14,
      "customer_email": "test11@ttt.ru",
      "customer_name": "test11@ttt.ru",
      "customer_phone": null,
      "nmb": 3,
      "price_per_item": "0.70",
      "total_price": "2.10",
      "is_active": true,
      "created": "2019-08-10T15:51:24.498Z",
      "updated": "2019-08-10T15:51:24.498Z"
   }
},
{
   "model": "orders.productinorder",
   "pk": 35,
   "fields": {
      "image_url": "/media/static/products_images/carrot.jpg",
      "order": 46,
      "product": 17,
      "customer_email": "test11@ttt.ru",
      "customer_name": "test11@ttt.ru",
      "customer_phone": null,
      "nmb": 2,
      "price_per_item": "0.40",
      "total_price": "0.80",
      "is_active": true,
      "created": "2019-08-10T15:51:24.785Z",
      "updated": "2019-08-10T15:51:24.785Z"
   }
},
{
   "model": "orders.productinorder",
   "pk": 36,
   "fields": {
      "image_url": "/media/static/products_images/pknallgoodsparkling.jpg",
      "order": 48,
      "product": 29,
      "customer_email": "test11@ttt.ru",
      "customer_name": "test11@ttt.ru",
      "customer_phone": null,
      "nmb": 2,
      "price_per_item": "1.10",
      "total_price": "2.20",
      "is_active": true,
      "created": "2019-08-11T08:25:10.746Z",
      "updated": "2019-08-11T08:25:10.747Z"
   }
},
{
   "model": "orders.productinorder",
   "pk": 37,
   "fields": {
      "image_url": "/media/static/products_images/0008.jpg",
      "order": 50,
      "product": 8,
      "customer_email": "test11@ttt.ru",
      "customer_name": "test11@ttt.ru",
      "customer_phone": null,
      "nmb": 1,
      "price_per_item": "1.30",
      "total_price": "1.30",
      "is_active": true,
      "created": "2019-08-11T08:38:51.049Z",
      "updated": "2019-08-11T08:38:51.049Z"
   }
},
{
   "model": "orders.productinorder",
   "pk": 38,
   "fields": {
      "image_url": "/media/static/products_images/radish.jpg",
      "order": 50,
      "product": 19,
      "customer_email": "test11@ttt.ru",
      "customer_name": "test11@ttt.ru",
      "customer_phone": null,
      "nmb": 2,
      "price_per_item": "0.20",
      "total_price": "0.40",
      "is_active": true,
      "created": "2019-08-11T08:38:51.482Z",
      "updated": "2019-08-11T08:38:51.482Z"
   }
},
{
   "model": "orders.productinorder",
   "pk": 39,
   "fields": {
      "image_url": "/media/static/products_images/melon.jpg",
      "order": 50,
      "product": 20,
      "customer_email": "test11@ttt.ru",
      "customer_name": "test11@ttt.ru",
      "customer_phone": null,
      "nmb": 1,
      "price_per_item": "1.70",
      "total_price": "1.70",
      "is_active": true,
      "created": "2019-08-11T08:38:52.002Z",
      "updated": "2019-08-11T08:38:52.002Z"
   }
},
{
   "model": "orders.productincart",
   "pk": 123,
   "fields": {
      "session_key": "3nesk74kpzzhzsb30e041x3o1vgkjmtg",
      "image_url": "/media/static/products_images/0001.jpg",
      "order": null,
      "product": 2,
      "nmb": 1,
      "price_per_item": "2.00",
      "total_price": "2.00",
      "is_active": true,
      "created": "2019-08-03T19:11:04.195Z",
      "updated": "2019-08-03T19:11:04.195Z"
   }
},
{
   "model": "orders.productincart",
   "pk": 125,
   "fields": {
      "session_key": ".eJxVjDsOwjAQBe-yNbK88hdKes5g7XotHEC2FCdVxN0hUgpo38y8DRKtS03rKHOaBC6AFk6_I1N-lrYTeVC7d5V7W-aJ1a6ogw5161Je18P9O6g06rcmgz5GLQadz1KCswHPIhLQkjOama3G6A28PwZaMNk:1hugZ5:o5Anh7iiERpHEHg3hnP8La_gWnk",
      "image_url": "/media/static/products_images/0001.jpg",
      "order": null,
      "product": 2,
      "nmb": 1,
      "price_per_item": "2.00",
      "total_price": "2.00",
      "is_active": false,
      "created": "2019-08-07T15:52:38.116Z",
      "updated": "2019-08-07T15:52:38.116Z"
   }
},
{
   "model": "orders.productincart",
   "pk": 126,
   "fields": {
      "session_key": ".eJxVjDsOwjAQBe-yNbK88hdKes5g7XotHEC2FCdVxN0hUgpo38y8DRKtS03rKHOaBC6AFk6_I1N-lrYTeVC7d5V7W-aJ1a6ogw5161Je18P9O6g06rcmgz5GLQadz1KCswHPIhLQkjOama3G6A28PwZaMNk:1hugZ5:o5Anh7iiERpHEHg3hnP8La_gWnk",
      "image_url": "/media/static/products_images/0001.jpg",
      "order": null,
      "product": 2,
      "nmb": 1,
      "price_per_item": "2.00",
      "total_price": "2.00",
      "is_active": false,
      "created": "2019-08-07T15:53:41.862Z",
      "updated": "2019-08-07T15:53:41.862Z"
   }
},
{
   "model": "orders.productincart",
   "pk": 127,
   "fields": {
      "session_key": ".eJxVjDsOwjAQBe-yNbK88hdKes5g7XotHEC2FCdVxN0hUgpo38y8DRKtS03rKHOaBC6AFk6_I1N-lrYTeVC7d5V7W-aJ1a6ogw5161Je18P9O6g06rcmgz5GLQadz1KCswHPIhLQkjOama3G6A28PwZaMNk:1hugZ5:o5Anh7iiERpHEHg3hnP8La_gWnk",
      "image_url": "/media/static/products_images/0001.jpg",
      "order": null,
      "product": 2,
      "nmb": 1,
      "price_per_item": "2.00",
      "total_price": "2.00",
      "is_active": false,
      "created": "2019-08-07T15:55:29.187Z",
      "updated": "2019-08-07T15:55:29.187Z"
   }
},
{
   "model": "orders.productincart",
   "pk": 128,
   "fields": {
      "session_key": ".eJxVjDsOwjAQBe-yNbK88hdKes5g7XotHEC2FCdVxN0hUgpo38y8DRKtS03rKHOaBC6AFk6_I1N-lrYTeVC7d5V7W-aJ1a6ogw5161Je18P9O6g06rcmgz5GLQadz1KCswHPIhLQkjOama3G6A28PwZaMNk:1hugZ5:o5Anh7iiERpHEHg3hnP8La_gWnk",
      "image_url": "/media/static/products_images/0003_n.jpg",
      "order": null,
      "product": 5,
      "nmb": 1,
      "price_per_item": "2.70",
      "total_price": "2.70",
      "is_active": false,
      "created": "2019-08-07T15:57:59.787Z",
      "updated": "2019-08-07T15:57:59.788Z"
   }
},
{
   "model": "orders.productincart",
   "pk": 129,
   "fields": {
      "session_key": ".eJxVjDsOwjAQBe-yNbK88hdKes5g7XotHEC2FCdVxN0hUgpo38y8DRKtS03rKHOaBC6AFk6_I1N-lrYTeVC7d5V7W-aJ1a6ogw5161Je18P9O6g06rcmgz5GLQadz1KCswHPIhLQkjOama3G6A28PwZaMNk:1hugZ5:o5Anh7iiERpHEHg3hnP8La_gWnk",
      "image_url": "/media/static/products_images/0001.jpg",
      "order": null,
      "product": 2,
      "nmb": 1,
      "price_per_item": "2.00",
      "total_price": "2.00",
      "is_active": false,
      "created": "2019-08-07T16:30:39.539Z",
      "updated": "2019-08-07T16:30:39.540Z"
   }
},
{
   "model": "orders.productincart",
   "pk": 130,
   "fields": {
      "session_key": ".eJxVjDsOwjAQBe-yNbK88hdKes5g7XotHEC2FCdVxN0hUgpo38y8DRKtS03rKHOaBC6AFk6_I1N-lrYTeVC7d5V7W-aJ1a6ogw5161Je18P9O6g06rcmgz5GLQadz1KCswHPIhLQkjOama3G6A28PwZaMNk:1hugZ5:o5Anh7iiERpHEHg3hnP8La_gWnk",
      "image_url": "/media/static/products_images/0001.jpg",
      "order": null,
      "product": 2,
      "nmb": 1,
      "price_per_item": "2.00",
      "total_price": "2.00",
      "is_active": false,
      "created": "2019-08-07T16:31:40.002Z",
      "updated": "2019-08-07T16:31:40.003Z"
   }
},
{
   "model": "orders.productincart",
   "pk": 131,
   "fields": {
      "session_key": ".eJxVjDsOwjAQBe-yNbK88hdKes5g7XotHEC2FCdVxN0hUgpo38y8DRKtS03rKHOaBC6AFk6_I1N-lrYTeVC7d5V7W-aJ1a6ogw5161Je18P9O6g06rcmgz5GLQadz1KCswHPIhLQkjOama3G6A28PwZaMNk:1hugZ5:o5Anh7iiERpHEHg3hnP8La_gWnk",
      "image_url": "/media/static/products_images/0013_g1HJxfO.jpg",
      "order": null,
      "product": 1,
      "nmb": 1,
      "price_per_item": "20.00",
      "total_price": "20.00",
      "is_active": false,
      "created": "2019-08-08T17:25:38.909Z",
      "updated": "2019-08-08T17:25:38.937Z"
   }
},
{
   "model": "orders.productincart",
   "pk": 132,
   "fields": {
      "session_key": "e30:1hw8HS:YQ0z2QwN9oC1sZPRgMRCi9GXff8",
      "image_url": "/media/static/products_images/0008.jpg",
      "order": null,
      "product": 8,
      "nmb": 1,
      "price_per_item": "1.30",
      "total_price": "1.30",
      "is_active": true,
      "created": "2019-08-09T17:02:28.902Z",
      "updated": "2019-08-09T17:02:28.902Z"
   }
},
{
   "model": "orders.productincart",
   "pk": 136,
   "fields": {
      "session_key": "e30:1hw8IH:WC_1WuB7lWMf_2ZOHyBRQawL6lE",
      "image_url": "/media/static/products_images/tomatoes.png",
      "order": null,
      "product": 11,
      "nmb": 1,
      "price_per_item": "2.00",
      "total_price": "2.00",
      "is_active": false,
      "created": "2019-08-09T18:50:21.022Z",
      "updated": "2019-08-09T18:50:21.022Z"
   }
},
{
   "model": "orders.productincart",
   "pk": 138,
   "fields": {
      "session_key": "e30:1hw8IH:WC_1WuB7lWMf_2ZOHyBRQawL6lE",
      "image_url": "/media/static/products_images/free-berry-white-organic-drink.jpg",
      "order": null,
      "product": 26,
      "nmb": 1,
      "price_per_item": "2.92",
      "total_price": "2.92",
      "is_active": false,
      "created": "2019-08-09T18:55:36.478Z",
      "updated": "2019-08-09T18:55:36.478Z"
   }
},
{
   "model": "orders.productincart",
   "pk": 140,
   "fields": {
      "session_key": "e30:1hw8IH:WC_1WuB7lWMf_2ZOHyBRQawL6lE",
      "image_url": "/media/static/products_images/0006.jpg",
      "order": null,
      "product": 3,
      "nmb": 1,
      "price_per_item": "3.00",
      "total_price": "3.00",
      "is_active": false,
      "created": "2019-08-09T18:58:36.658Z",
      "updated": "2019-08-09T18:58:36.659Z"
   }
},
{
   "model": "orders.productincart",
   "pk": 143,
   "fields": {
      "session_key": "e30:1hw8IH:WC_1WuB7lWMf_2ZOHyBRQawL6lE",
      "image_url": "/media/static/products_images/tomatoes.png",
      "order": null,
      "product": 11,
      "nmb": 1,
      "price_per_item": "2.00",
      "total_price": "2.00",
      "is_active": false,
      "created": "2019-08-09T19:32:47.042Z",
      "updated": "2019-08-09T19:32:47.042Z"
   }
},
{
   "model": "orders.productincart",
   "pk": 144,
   "fields": {
      "session_key": "e30:1hw8IH:WC_1WuB7lWMf_2ZOHyBRQawL6lE",
      "image_url": "/media/static/products_images/tomatoes.png",
      "order": 41,
      "product": 11,
      "nmb": 1,
      "price_per_item": "2.00",
      "total_price": "2.00",
      "is_active": true,
      "created": "2019-08-09T19:32:52.419Z",
      "updated": "2019-08-09T19:33:13.791Z"
   }
},
{
   "model": "orders.productincart",
   "pk": 145,
   "fields": {
      "session_key": "e30:1hwQXu:iJaO6ffluqrYittCBZiIKcuyMNo",
      "image_url": "/media/static/products_images/free-berry-white-organic-drink.jpg",
      "order": 42,
      "product": 26,
      "nmb": 1,
      "price_per_item": "2.92",
      "total_price": "2.92",
      "is_active": false,
      "created": "2019-08-10T12:33:44.097Z",
      "updated": "2019-08-10T12:34:11.173Z"
   }
},
{
   "model": "orders.productincart",
   "pk": 146,
   "fields": {
      "session_key": "e30:1hwQXu:iJaO6ffluqrYittCBZiIKcuyMNo",
      "image_url": "/media/static/products_images/0007.jpeg",
      "order": null,
      "product": 4,
      "nmb": 1,
      "price_per_item": "1.50",
      "total_price": "1.50",
      "is_active": false,
      "created": "2019-08-10T12:35:23.899Z",
      "updated": "2019-08-10T12:35:23.899Z"
   }
},
{
   "model": "orders.productincart",
   "pk": 147,
   "fields": {
      "session_key": "e30:1hwQXu:iJaO6ffluqrYittCBZiIKcuyMNo",
      "image_url": "/media/static/products_images/0012_n.jpg",
      "order": 43,
      "product": 7,
      "nmb": 1,
      "price_per_item": "2.25",
      "total_price": "2.25",
      "is_active": false,
      "created": "2019-08-10T12:35:39.785Z",
      "updated": "2019-08-10T12:36:48.482Z"
   }
},
{
   "model": "orders.productincart",
   "pk": 148,
   "fields": {
      "session_key": "e30:1hwQXu:iJaO6ffluqrYittCBZiIKcuyMNo",
      "image_url": "/media/static/products_images/0013_g1HJxfO.jpg",
      "order": null,
      "product": 1,
      "nmb": 1,
      "price_per_item": "20.00",
      "total_price": "20.00",
      "is_active": false,
      "created": "2019-08-10T12:37:54.630Z",
      "updated": "2019-08-10T12:37:54.630Z"
   }
},
{
   "model": "orders.productincart",
   "pk": 149,
   "fields": {
      "session_key": "e30:1hwQXu:iJaO6ffluqrYittCBZiIKcuyMNo",
      "image_url": "/media/static/products_images/0013_g1HJxfO.jpg",
      "order": 44,
      "product": 1,
      "nmb": 1,
      "price_per_item": "20.00",
      "total_price": "20.00",
      "is_active": true,
      "created": "2019-08-10T12:38:00.118Z",
      "updated": "2019-08-10T12:38:25.925Z"
   }
},
{
   "model": "orders.productincart",
   "pk": 150,
   "fields": {
      "session_key": "e30:1hwR7J:6iOIE4fovdBasBW_gH89I4MPwAY",
      "image_url": "/media/static/products_images/0007.jpeg",
      "order": 45,
      "product": 4,
      "nmb": 1,
      "price_per_item": "1.50",
      "total_price": "1.50",
      "is_active": true,
      "created": "2019-08-10T13:09:14.692Z",
      "updated": "2019-08-10T13:09:42.156Z"
   }
},
{
   "model": "orders.productincart",
   "pk": 151,
   "fields": {
      "session_key": ".eJxVjMsOwiAQRf9l1oaUAQq6dN9vIDM8pGogKe3K-O_apAvd3nPOfYGnbS1-62nxc4QLoIXT78gUHqnuJN6p3poIra7LzGJXxEG7mFpMz-vh_h0U6uVbK6dGnSRqazRnPgdtGAdpc6RhJIXOKEcZJbw_BIIw3Q:1hwR7u:bA73Khw1w5cN6IUAXFg1IyT2Wa0",
      "image_url": "/media/static/products_images/cabbage.jpg",
      "order": 46,
      "product": 14,
      "nmb": 3,
      "price_per_item": "0.70",
      "total_price": "2.10",
      "is_active": true,
      "created": "2019-08-10T15:50:01.504Z",
      "updated": "2019-08-10T15:51:24.392Z"
   }
},
{
   "model": "orders.productincart",
   "pk": 152,
   "fields": {
      "session_key": ".eJxVjMsOwiAQRf9l1oaUAQq6dN9vIDM8pGogKe3K-O_apAvd3nPOfYGnbS1-62nxc4QLoIXT78gUHqnuJN6p3poIra7LzGJXxEG7mFpMz-vh_h0U6uVbK6dGnSRqazRnPgdtGAdpc6RhJIXOKEcZJbw_BIIw3Q:1hwR7u:bA73Khw1w5cN6IUAXFg1IyT2Wa0",
      "image_url": "/media/static/products_images/carrot.jpg",
      "order": 46,
      "product": 17,
      "nmb": 2,
      "price_per_item": "0.40",
      "total_price": "0.80",
      "is_active": true,
      "created": "2019-08-10T15:50:06.119Z",
      "updated": "2019-08-10T15:51:24.700Z"
   }
},
{
   "model": "orders.productincart",
   "pk": 153,
   "fields": {
      "session_key": ".eJxVjMsOwiAQRf9l1oaUAQq6dN9vIDM8pGogKe3K-O_apAvd3nPOfYGnbS1-62nxc4QLoIXT78gUHqnuJN6p3poIra7LzGJXxEG7mFpMz-vh_h0U6uVbK6dGnSRqazRnPgdtGAdpc6RhJIXOKEcZJbw_BIIw3Q:1hwTeP:BDLCR4R2y25t91yGs2ma_h30EEQ",
      "image_url": "/media/static/products_images/pknallgoodsparkling.jpg",
      "order": 48,
      "product": 29,
      "nmb": 2,
      "price_per_item": "1.10",
      "total_price": "2.20",
      "is_active": true,
      "created": "2019-08-10T18:48:59.319Z",
      "updated": "2019-08-11T08:25:10.648Z"
   }
},
{
   "model": "orders.productincart",
   "pk": 155,
   "fields": {
      "session_key": ".eJxVjMsOwiAQRf9l1oaUAQq6dN9vIDM8pGogKe3K-O_apAvd3nPOfYGnbS1-62nxc4QLoIXT78gUHqnuJN6p3poIra7LzGJXxEG7mFpMz-vh_h0U6uVbK6dGnSRqazRnPgdtGAdpc6RhJIXOKEcZJbw_BIIw3Q:1hwjA7:jZt9Z7ikAveEo2Ijoi5diVUxXqE",
      "image_url": "/media/static/products_images/0008.jpg",
      "order": 50,
      "product": 8,
      "nmb": 1,
      "price_per_item": "1.30",
      "total_price": "1.30",
      "is_active": true,
      "created": "2019-08-11T08:38:07.498Z",
      "updated": "2019-08-11T08:38:50.960Z"
   }
},
{
   "model": "orders.productincart",
   "pk": 156,
   "fields": {
      "session_key": ".eJxVjMsOwiAQRf9l1oaUAQq6dN9vIDM8pGogKe3K-O_apAvd3nPOfYGnbS1-62nxc4QLoIXT78gUHqnuJN6p3poIra7LzGJXxEG7mFpMz-vh_h0U6uVbK6dGnSRqazRnPgdtGAdpc6RhJIXOKEcZJbw_BIIw3Q:1hwjA7:jZt9Z7ikAveEo2Ijoi5diVUxXqE",
      "image_url": "/media/static/products_images/radish.jpg",
      "order": 50,
      "product": 19,
      "nmb": 2,
      "price_per_item": "0.20",
      "total_price": "0.40",
      "is_active": true,
      "created": "2019-08-11T08:38:24.199Z",
      "updated": "2019-08-11T08:38:51.371Z"
   }
},
{
   "model": "orders.productincart",
   "pk": 157,
   "fields": {
      "session_key": ".eJxVjMsOwiAQRf9l1oaUAQq6dN9vIDM8pGogKe3K-O_apAvd3nPOfYGnbS1-62nxc4QLoIXT78gUHqnuJN6p3poIra7LzGJXxEG7mFpMz-vh_h0U6uVbK6dGnSRqazRnPgdtGAdpc6RhJIXOKEcZJbw_BIIw3Q:1hwjA7:jZt9Z7ikAveEo2Ijoi5diVUxXqE",
      "image_url": "/media/static/products_images/melon.jpg",
      "order": 50,
      "product": 20,
      "nmb": 1,
      "price_per_item": "1.70",
      "total_price": "1.70",
      "is_active": true,
      "created": "2019-08-11T08:38:31.229Z",
      "updated": "2019-08-11T08:38:51.911Z"
   }
},
{
   "model": "orders.productincart",
   "pk": 158,
   "fields": {
      "session_key": "e30:1hwjiB:fX7koXlU6k__909p2PgFzZqwkcQ",
      "image_url": "/media/static/products_images/0001.jpg",
      "order": null,
      "product": 2,
      "nmb": 1,
      "price_per_item": "2.00",
      "total_price": "2.00",
      "is_active": false,
      "created": "2019-08-11T09:00:33.777Z",
      "updated": "2019-08-11T09:00:33.777Z"
   }
},
{
   "model": "products.productcategory",
   "pk": 1,
   "fields": {
      "name": "Drinks",
      "is_active": true
   }
},
{
   "model": "products.productcategory",
   "pk": 2,
   "fields": {
      "name": "Food",
      "is_active": true
   }
},
{
   "model": "products.productcategory",
   "pk": 3,
   "fields": {
      "name": "Vegetables",
      "is_active": true
   }
},
{
   "model": "products.productcategory",
   "pk": 4,
   "fields": {
      "name": "Fruits",
      "is_active": true
   }
},
{
   "model": "products.productcategory",
   "pk": 5,
   "fields": {
      "name": "Juices",
      "is_active": true
   }
},
{
   "model": "products.productcategory",
   "pk": 6,
   "fields": {
      "name": "Snacks",
      "is_active": true
   }
},
{
   "model": "products.productcategory",
   "pk": 7,
   "fields": {
      "name": "Milk Poducts",
      "is_active": true
   }
},
{
   "model": "products.productcategory",
   "pk": 8,
   "fields": {
      "name": "Greenery",
      "is_active": true
   }
},
{
   "model": "products.productcategory",
   "pk": 9,
   "fields": {
      "name": "Berries",
      "is_active": true
   }
},
{
   "model": "products.productcategory",
   "pk": 10,
   "fields": {
      "name": "Mashrooms",
      "is_active": true
   }
},
{
   "model": "products.product",
   "pk": 1,
   "fields": {
      "name": "Yoghurt Frutti",
      "price": "11.00",
      "discount": 0,
      "final_price": "11.00",
      "category": 7,
      "short_description": "3 packs of Yoghurt Frutti: with berries, peach, and apple.",
      "description": "3 packs of Yoghurt Frutti: with berries, peach, and apple.",
      "is_active": true,
      "created": "2019-06-22T18:26:48.301Z",
      "updated": "2019-08-12T18:09:24.116Z"
   }
},
{
   "model": "products.product",
   "pk": 2,
   "fields": {
      "name": "Dried Fruit",
      "price": "2.00",
      "discount": 0,
      "final_price": "2.00",
      "category": 4,
      "short_description": "Dried fruits in a pack. Kiwi, peach, and apple.",
      "description": "Dried fruits in a pack. Kiwi, peach, and apple.",
      "is_active": true,
      "created": "2019-06-26T18:31:54.835Z",
      "updated": "2019-07-14T15:11:05.618Z"
   }
},
{
   "model": "products.product",
   "pk": 3,
   "fields": {
      "name": "Liberte Kefir",
      "price": "3.00",
      "discount": 0,
      "final_price": "3.00",
      "category": 7,
      "short_description": "Probiotic fermented milk. Mango, strawberry and nature taste.",
      "description": "Probiotic fermented milk. Mango, strawberry and nature taste.",
      "is_active": true,
      "created": "2019-06-26T19:02:17.466Z",
      "updated": "2019-07-14T15:28:02.839Z"
   }
},
{
   "model": "products.product",
   "pk": 4,
   "fields": {
      "name": "Natura CHIA bar",
      "price": "1.50",
      "discount": 0,
      "final_price": "1.50",
      "category": 6,
      "short_description": "Natural bars with a berry, fruit and chocolate taste.",
      "description": "Natural bars with a berry, fruit and chocolate taste.",
      "is_active": true,
      "created": "2019-06-26T19:05:47.805Z",
      "updated": "2019-07-14T15:25:26.537Z"
   }
},
{
   "model": "products.product",
   "pk": 5,
   "fields": {
      "name": "Organic Turkish Apricots",
      "price": "2.70",
      "discount": 0,
      "final_price": "2.70",
      "category": 4,
      "short_description": "Pack of apricots. Whole fruit, sun sweetened and infused with water",
      "description": "Pack of apricots. Whole fruit, sun sweetened and infused with water",
      "is_active": true,
      "created": "2019-07-09T16:49:43.233Z",
      "updated": "2019-07-09T16:49:43.233Z"
   }
},
{
   "model": "products.product",
   "pk": 6,
   "fields": {
      "name": "Frisp mango crisps",
      "price": "1.75",
      "discount": 0,
      "final_price": "1.75",
      "category": 4,
      "short_description": "Just natural fruit fiber and healthy, yummy nutrients",
      "description": "Just natural fruit fiber and healthy, yummy nutrients",
      "is_active": true,
      "created": "2019-07-09T16:55:57.199Z",
      "updated": "2019-07-14T15:25:47.243Z"
   }
},
{
   "model": "products.product",
   "pk": 7,
   "fields": {
      "name": "Little Cremes",
      "price": "2.25",
      "discount": 0,
      "final_price": "2.25",
      "category": 6,
      "short_description": "Organic rice milk snacks",
      "description": "Organic rice milk snacks",
      "is_active": true,
      "created": "2019-07-09T17:01:21.486Z",
      "updated": "2019-07-14T22:17:02.288Z"
   }
},
{
   "model": "products.product",
   "pk": 8,
   "fields": {
      "name": "Angelic bread",
      "price": "1.30",
      "discount": 0,
      "final_price": "1.30",
      "category": 6,
      "short_description": "Sprouted bread from Angelic Bakehouse",
      "description": "Sprouted bread from Angelic Bakehouse",
      "is_active": true,
      "created": "2019-07-09T17:38:07.957Z",
      "updated": "2019-07-14T15:12:21.200Z"
   }
},
{
   "model": "products.product",
   "pk": 9,
   "fields": {
      "name": "Cherry",
      "price": "1.20",
      "discount": 0,
      "final_price": "1.20",
      "category": 9,
      "short_description": "Cherry",
      "description": "Cherry",
      "is_active": true,
      "created": "2019-07-13T08:57:31.430Z",
      "updated": "2019-07-14T20:09:10.806Z"
   }
},
{
   "model": "products.product",
   "pk": 10,
   "fields": {
      "name": "Peaches",
      "price": "1.10",
      "discount": 0,
      "final_price": "1.10",
      "category": 4,
      "short_description": "Peaches",
      "description": "Peaches",
      "is_active": true,
      "created": "2019-07-13T08:58:26.211Z",
      "updated": "2019-07-13T15:39:34.178Z"
   }
},
{
   "model": "products.product",
   "pk": 11,
   "fields": {
      "name": "Tomatoes",
      "price": "2.00",
      "discount": 0,
      "final_price": "2.00",
      "category": 3,
      "short_description": "Tomatoes",
      "description": "Tomatoes",
      "is_active": true,
      "created": "2019-07-13T08:59:42.312Z",
      "updated": "2019-07-13T14:32:14.180Z"
   }
},
{
   "model": "products.product",
   "pk": 12,
   "fields": {
      "name": "Cucumbers",
      "price": "1.50",
      "discount": 0,
      "final_price": "1.50",
      "category": 3,
      "short_description": "Cucumbers",
      "description": "Cucumbers",
      "is_active": true,
      "created": "2019-07-13T09:00:45.776Z",
      "updated": "2019-07-13T15:41:22.262Z"
   }
},
{
   "model": "products.product",
   "pk": 13,
   "fields": {
      "name": "Apples",
      "price": "1.30",
      "discount": 0,
      "final_price": "1.30",
      "category": 4,
      "short_description": "Apples",
      "description": "Apples",
      "is_active": true,
      "created": "2019-07-13T09:01:28.729Z",
      "updated": "2019-07-13T15:42:38.402Z"
   }
},
{
   "model": "products.product",
   "pk": 14,
   "fields": {
      "name": "Cabbage",
      "price": "0.70",
      "discount": 0,
      "final_price": "0.70",
      "category": 3,
      "short_description": "Cabbage",
      "description": "Cabbage",
      "is_active": true,
      "created": "2019-07-13T09:02:32.478Z",
      "updated": "2019-07-13T15:44:03.667Z"
   }
},
{
   "model": "products.product",
   "pk": 15,
   "fields": {
      "name": "Pepper",
      "price": "0.80",
      "discount": 0,
      "final_price": "0.80",
      "category": 3,
      "short_description": "Green pepper",
      "description": "Green pepper",
      "is_active": true,
      "created": "2019-07-13T09:03:14.115Z",
      "updated": "2019-07-13T15:46:49.315Z"
   }
},
{
   "model": "products.product",
   "pk": 16,
   "fields": {
      "name": "Potato",
      "price": "0.50",
      "discount": 0,
      "final_price": "0.50",
      "category": 3,
      "short_description": "Potato",
      "description": "Potato",
      "is_active": true,
      "created": "2019-07-13T09:04:05.273Z",
      "updated": "2019-07-13T15:48:19.529Z"
   }
},
{
   "model": "products.product",
   "pk": 17,
   "fields": {
      "name": "Carrot",
      "price": "0.40",
      "discount": 0,
      "final_price": "0.40",
      "category": 3,
      "short_description": "Carrot",
      "description": "Carrot",
      "is_active": true,
      "created": "2019-07-13T09:04:41.781Z",
      "updated": "2019-07-13T15:49:38.352Z"
   }
},
{
   "model": "products.product",
   "pk": 18,
   "fields": {
      "name": "Onion",
      "price": "0.30",
      "discount": 0,
      "final_price": "0.30",
      "category": 3,
      "short_description": "Onion",
      "description": "Onion",
      "is_active": true,
      "created": "2019-07-13T09:05:21.984Z",
      "updated": "2019-07-13T15:51:10.550Z"
   }
},
{
   "model": "products.product",
   "pk": 19,
   "fields": {
      "name": "Radish",
      "price": "0.20",
      "discount": 0,
      "final_price": "0.20",
      "category": 3,
      "short_description": "Radish",
      "description": "Radish",
      "is_active": true,
      "created": "2019-07-13T09:06:31.259Z",
      "updated": "2019-07-13T15:52:54.391Z"
   }
},
{
   "model": "products.product",
   "pk": 20,
   "fields": {
      "name": "Melon",
      "price": "1.70",
      "discount": 0,
      "final_price": "1.70",
      "category": 4,
      "short_description": "Melon",
      "description": "Melon",
      "is_active": true,
      "created": "2019-07-13T09:07:33.001Z",
      "updated": "2019-07-13T15:56:16.795Z"
   }
},
{
   "model": "products.product",
   "pk": 21,
   "fields": {
      "name": "Parsley",
      "price": "0.10",
      "discount": 0,
      "final_price": "0.10",
      "category": 8,
      "short_description": "Parsley",
      "description": "Parsley",
      "is_active": true,
      "created": "2019-07-13T09:09:31.067Z",
      "updated": "2019-07-13T09:09:31.067Z"
   }
},
{
   "model": "products.product",
   "pk": 22,
   "fields": {
      "name": "Dill",
      "price": "0.10",
      "discount": 0,
      "final_price": "0.10",
      "category": 8,
      "short_description": "Dill",
      "description": "Dill",
      "is_active": true,
      "created": "2019-07-13T09:10:34.367Z",
      "updated": "2019-07-13T16:00:43.759Z"
   }
},
{
   "model": "products.product",
   "pk": 23,
   "fields": {
      "name": "Gooseberry",
      "price": "0.10",
      "discount": 0,
      "final_price": "0.10",
      "category": 9,
      "short_description": "Gooseberry",
      "description": "Gooseberry",
      "is_active": true,
      "created": "2019-07-13T09:12:33.902Z",
      "updated": "2019-07-13T16:06:04.406Z"
   }
},
{
   "model": "products.product",
   "pk": 24,
   "fields": {
      "name": "Chanterelles",
      "price": "1.00",
      "discount": 0,
      "final_price": "1.00",
      "category": 10,
      "short_description": "Chanterelles",
      "description": "Chanterelles",
      "is_active": true,
      "created": "2019-07-13T09:14:31.823Z",
      "updated": "2019-07-13T16:19:36.763Z"
   }
},
{
   "model": "products.product",
   "pk": 25,
   "fields": {
      "name": "Raspberry",
      "price": "2.00",
      "discount": 0,
      "final_price": "2.00",
      "category": 9,
      "short_description": "Raspberry",
      "description": "Raspberry",
      "is_active": true,
      "created": "2019-07-13T09:16:21.619Z",
      "updated": "2019-07-13T16:19:04.560Z"
   }
},
{
   "model": "products.product",
   "pk": 26,
   "fields": {
      "name": "Berry White",
      "price": "3.25",
      "discount": 10,
      "final_price": "2.92",
      "category": 1,
      "short_description": "Berry White organic drinks. Cranberry and Guava taste.",
      "description": "Berry White organic drinks. Cranberry and Guava taste.",
      "is_active": true,
      "created": "2019-07-14T14:46:40.512Z",
      "updated": "2019-07-14T14:52:56.151Z"
   }
},
{
   "model": "products.product",
   "pk": 27,
   "fields": {
      "name": "G Organic",
      "price": "1.60",
      "discount": 0,
      "final_price": "1.60",
      "category": 1,
      "short_description": "G Organic drinks. Strawberry, Mixed Berry, and Lemon taste",
      "description": "G Organic drinks. Strawberry, Mixed Berry, and Lemon taste",
      "is_active": true,
      "created": "2019-07-14T14:56:28.980Z",
      "updated": "2019-07-14T14:56:28.980Z"
   }
},
{
   "model": "products.product",
   "pk": 28,
   "fields": {
      "name": "Organic shake",
      "price": "3.55",
      "discount": 0,
      "final_price": "3.55",
      "category": 1,
      "short_description": "Organic nutritional shake. Strawberries and cream",
      "description": "Organic nutritional shake. Strawberries and cream",
      "is_active": true,
      "created": "2019-07-14T14:59:21.353Z",
      "updated": "2019-07-14T15:24:10.877Z"
   }
},
{
   "model": "products.product",
   "pk": 29,
   "fields": {
      "name": "Sparking water",
      "price": "1.10",
      "discount": 0,
      "final_price": "1.10",
      "category": 1,
      "short_description": "Sparkling water. Grapefruit, black currant, orange, and lemon.",
      "description": "Sparkling water. Grapefruit, black currant, orange, and lemon.",
      "is_active": true,
      "created": "2019-07-14T15:02:11.537Z",
      "updated": "2019-07-14T15:02:11.538Z"
   }
},
{
   "model": "products.product",
   "pk": 30,
   "fields": {
      "name": "Organic Hazelnuts",
      "price": "1.20",
      "discount": 0,
      "final_price": "1.20",
      "category": 2,
      "short_description": "Forest Whole Foods. Organic hazelnuts pack",
      "description": "Forest Whole Foods. Organic hazelnuts pack",
      "is_active": true,
      "created": "2019-07-14T15:19:49.617Z",
      "updated": "2019-07-14T15:19:49.617Z"
   }
},
{
   "model": "products.product",
   "pk": 31,
   "fields": {
      "name": "Black beans",
      "price": "2.10",
      "discount": 0,
      "final_price": "2.10",
      "category": 2,
      "short_description": "Eden Organic. Black beans can.",
      "description": "Eden Organic. Black beans can.",
      "is_active": true,
      "created": "2019-07-14T15:21:01.301Z",
      "updated": "2019-07-14T15:21:01.301Z"
   }
},
{
   "model": "products.product",
   "pk": 32,
   "fields": {
      "name": "Sesame Ginger Greens",
      "price": "1.80",
      "discount": 12,
      "final_price": "1.58",
      "category": 2,
      "short_description": "Tessemae's Sesame Ginger Greens.  Salad kit.",
      "description": "Tessemae's Sesame Ginger Greens.  Salad kit.",
      "is_active": true,
      "created": "2019-07-14T15:21:26.784Z",
      "updated": "2019-07-14T15:24:42.530Z"
   }
},
{
   "model": "products.product",
   "pk": 33,
   "fields": {
      "name": "Flax Seeds",
      "price": "2.00",
      "discount": 0,
      "final_price": "2.00",
      "category": 2,
      "short_description": "Organic Golden Flax Seeds",
      "description": "Organic Golden Flax Seeds",
      "is_active": true,
      "created": "2019-07-14T15:23:24.855Z",
      "updated": "2019-07-14T15:23:24.856Z"
   }
},
{
   "model": "products.productimage",
   "pk": 1,
   "fields": {
      "product": 1,
      "image": "static/products_images/0013_g1HJxfO.jpg",
      "description": "Yoghurt Frutti",
      "is_main": true,
      "is_slider": false,
      "is_active": true,
      "created": "2019-06-22T18:33:49.360Z",
      "updated": "2019-06-25T20:12:45.565Z"
   }
},
{
   "model": "products.productimage",
   "pk": 2,
   "fields": {
      "product": 2,
      "image": "static/products_images/0001.jpg",
      "description": "",
      "is_main": true,
      "is_slider": false,
      "is_active": true,
      "created": "2019-06-26T18:31:54.855Z",
      "updated": "2019-06-26T18:31:54.856Z"
   }
},
{
   "model": "products.productimage",
   "pk": 3,
   "fields": {
      "product": 3,
      "image": "static/products_images/0006.jpg",
      "description": "",
      "is_main": true,
      "is_slider": false,
      "is_active": true,
      "created": "2019-06-26T19:02:17.472Z",
      "updated": "2019-06-26T19:02:17.472Z"
   }
},
{
   "model": "products.productimage",
   "pk": 4,
   "fields": {
      "product": 4,
      "image": "static/products_images/0007.jpeg",
      "description": "",
      "is_main": true,
      "is_slider": false,
      "is_active": true,
      "created": "2019-06-26T19:05:47.814Z",
      "updated": "2019-06-26T19:05:47.814Z"
   }
},
{
   "model": "products.productimage",
   "pk": 5,
   "fields": {
      "product": 5,
      "image": "static/products_images/0003_n.jpg",
      "description": "",
      "is_main": true,
      "is_slider": false,
      "is_active": true,
      "created": "2019-07-09T16:49:43.253Z",
      "updated": "2019-07-09T17:29:16.449Z"
   }
},
{
   "model": "products.productimage",
   "pk": 6,
   "fields": {
      "product": 6,
      "image": "static/products_images/0011_n.jpg",
      "description": "",
      "is_main": true,
      "is_slider": false,
      "is_active": true,
      "created": "2019-07-09T16:55:57.207Z",
      "updated": "2019-07-09T17:29:28.315Z"
   }
},
{
   "model": "products.productimage",
   "pk": 7,
   "fields": {
      "product": 7,
      "image": "static/products_images/0012_n.jpg",
      "description": "",
      "is_main": true,
      "is_slider": false,
      "is_active": true,
      "created": "2019-07-09T17:01:21.495Z",
      "updated": "2019-07-09T17:29:37.704Z"
   }
},
{
   "model": "products.productimage",
   "pk": 8,
   "fields": {
      "product": 8,
      "image": "static/products_images/0008.jpg",
      "description": "",
      "is_main": true,
      "is_slider": false,
      "is_active": true,
      "created": "2019-07-09T17:38:07.965Z",
      "updated": "2019-07-09T17:38:07.965Z"
   }
},
{
   "model": "products.productimage",
   "pk": 9,
   "fields": {
      "product": 9,
      "image": "static/products_images/002.jpg",
      "description": "",
      "is_main": false,
      "is_slider": true,
      "is_active": true,
      "created": "2019-07-13T08:57:31.497Z",
      "updated": "2019-07-13T09:32:55.344Z"
   }
},
{
   "model": "products.productimage",
   "pk": 10,
   "fields": {
      "product": 10,
      "image": "static/products_images/001.jpg",
      "description": "",
      "is_main": false,
      "is_slider": true,
      "is_active": true,
      "created": "2019-07-13T08:58:26.227Z",
      "updated": "2019-07-13T09:32:42.461Z"
   }
},
{
   "model": "products.productimage",
   "pk": 11,
   "fields": {
      "product": 11,
      "image": "static/products_images/003.jpg",
      "description": "",
      "is_main": false,
      "is_slider": true,
      "is_active": true,
      "created": "2019-07-13T08:59:42.320Z",
      "updated": "2019-07-13T09:32:28.045Z"
   }
},
{
   "model": "products.productimage",
   "pk": 12,
   "fields": {
      "product": 12,
      "image": "static/products_images/004.jpg",
      "description": "",
      "is_main": false,
      "is_slider": true,
      "is_active": true,
      "created": "2019-07-13T09:00:45.797Z",
      "updated": "2019-07-13T09:32:12.468Z"
   }
},
{
   "model": "products.productimage",
   "pk": 13,
   "fields": {
      "product": 13,
      "image": "static/products_images/005.jpg",
      "description": "",
      "is_main": false,
      "is_slider": true,
      "is_active": true,
      "created": "2019-07-13T09:01:28.739Z",
      "updated": "2019-07-13T09:31:47.691Z"
   }
},
{
   "model": "products.productimage",
   "pk": 14,
   "fields": {
      "product": 14,
      "image": "static/products_images/007.jpg",
      "description": "",
      "is_main": false,
      "is_slider": true,
      "is_active": true,
      "created": "2019-07-13T09:02:32.486Z",
      "updated": "2019-07-13T09:31:35.742Z"
   }
},
{
   "model": "products.productimage",
   "pk": 15,
   "fields": {
      "product": 15,
      "image": "static/products_images/008.jpg",
      "description": "",
      "is_main": false,
      "is_slider": true,
      "is_active": true,
      "created": "2019-07-13T09:03:14.124Z",
      "updated": "2019-07-13T09:31:21.663Z"
   }
},
{
   "model": "products.productimage",
   "pk": 16,
   "fields": {
      "product": 16,
      "image": "static/products_images/009.jpg",
      "description": "",
      "is_main": false,
      "is_slider": true,
      "is_active": true,
      "created": "2019-07-13T09:04:05.280Z",
      "updated": "2019-07-13T09:31:09.427Z"
   }
},
{
   "model": "products.productimage",
   "pk": 17,
   "fields": {
      "product": 17,
      "image": "static/products_images/010.jpg",
      "description": "",
      "is_main": false,
      "is_slider": true,
      "is_active": true,
      "created": "2019-07-13T09:04:41.790Z",
      "updated": "2019-07-13T09:30:56.767Z"
   }
},
{
   "model": "products.productimage",
   "pk": 18,
   "fields": {
      "product": 18,
      "image": "static/products_images/011.jpg",
      "description": "",
      "is_main": false,
      "is_slider": true,
      "is_active": true,
      "created": "2019-07-13T09:05:21.992Z",
      "updated": "2019-07-13T09:30:44.863Z"
   }
},
{
   "model": "products.productimage",
   "pk": 19,
   "fields": {
      "product": 19,
      "image": "static/products_images/012.jpg",
      "description": "",
      "is_main": false,
      "is_slider": true,
      "is_active": true,
      "created": "2019-07-13T09:06:31.267Z",
      "updated": "2019-07-13T09:30:14.458Z"
   }
},
{
   "model": "products.productimage",
   "pk": 20,
   "fields": {
      "product": 20,
      "image": "static/products_images/013.jpg",
      "description": "",
      "is_main": false,
      "is_slider": true,
      "is_active": true,
      "created": "2019-07-13T09:07:33.012Z",
      "updated": "2019-07-13T09:30:00.498Z"
   }
},
{
   "model": "products.productimage",
   "pk": 21,
   "fields": {
      "product": 21,
      "image": "static/products_images/014.jpg",
      "description": "",
      "is_main": true,
      "is_slider": false,
      "is_active": true,
      "created": "2019-07-13T09:09:31.079Z",
      "updated": "2019-07-13T09:09:31.079Z"
   }
},
{
   "model": "products.productimage",
   "pk": 22,
   "fields": {
      "product": 22,
      "image": "static/products_images/015.jpg",
      "description": "",
      "is_main": false,
      "is_slider": true,
      "is_active": true,
      "created": "2019-07-13T09:10:34.377Z",
      "updated": "2019-07-13T09:29:36.638Z"
   }
},
{
   "model": "products.productimage",
   "pk": 23,
   "fields": {
      "product": 23,
      "image": "static/products_images/016.jpg",
      "description": "",
      "is_main": false,
      "is_slider": true,
      "is_active": true,
      "created": "2019-07-13T09:12:33.910Z",
      "updated": "2019-07-13T09:29:23.219Z"
   }
},
{
   "model": "products.productimage",
   "pk": 24,
   "fields": {
      "product": 24,
      "image": "static/products_images/017.jpg",
      "description": "",
      "is_main": false,
      "is_slider": true,
      "is_active": true,
      "created": "2019-07-13T09:14:31.842Z",
      "updated": "2019-07-13T09:29:06.476Z"
   }
},
{
   "model": "products.productimage",
   "pk": 25,
   "fields": {
      "product": 25,
      "image": "static/products_images/018.jpg",
      "description": "",
      "is_main": false,
      "is_slider": true,
      "is_active": true,
      "created": "2019-07-13T09:16:47.656Z",
      "updated": "2019-07-13T09:28:52.313Z"
   }
},
{
   "model": "products.productimage",
   "pk": 26,
   "fields": {
      "product": 11,
      "image": "static/products_images/tomatoes.png",
      "description": "",
      "is_main": true,
      "is_slider": false,
      "is_active": true,
      "created": "2019-07-13T14:32:14.237Z",
      "updated": "2019-07-13T14:32:14.237Z"
   }
},
{
   "model": "products.productimage",
   "pk": 27,
   "fields": {
      "product": 9,
      "image": "static/products_images/cherry.png",
      "description": "",
      "is_main": true,
      "is_slider": false,
      "is_active": true,
      "created": "2019-07-13T15:36:55.032Z",
      "updated": "2019-07-13T15:36:55.032Z"
   }
},
{
   "model": "products.productimage",
   "pk": 28,
   "fields": {
      "product": 10,
      "image": "static/products_images/peach.jpg",
      "description": "",
      "is_main": true,
      "is_slider": false,
      "is_active": true,
      "created": "2019-07-13T15:39:34.187Z",
      "updated": "2019-07-13T15:39:34.188Z"
   }
},
{
   "model": "products.productimage",
   "pk": 29,
   "fields": {
      "product": 12,
      "image": "static/products_images/cucumber.jpg",
      "description": "",
      "is_main": true,
      "is_slider": false,
      "is_active": true,
      "created": "2019-07-13T15:41:22.280Z",
      "updated": "2019-07-13T15:41:22.280Z"
   }
},
{
   "model": "products.productimage",
   "pk": 30,
   "fields": {
      "product": 13,
      "image": "static/products_images/apples.jpg",
      "description": "",
      "is_main": true,
      "is_slider": false,
      "is_active": true,
      "created": "2019-07-13T15:42:38.428Z",
      "updated": "2019-07-13T15:42:38.428Z"
   }
},
{
   "model": "products.productimage",
   "pk": 31,
   "fields": {
      "product": 14,
      "image": "static/products_images/cabbage.jpg",
      "description": "",
      "is_main": true,
      "is_slider": false,
      "is_active": true,
      "created": "2019-07-13T15:44:03.681Z",
      "updated": "2019-07-13T15:44:03.681Z"
   }
},
{
   "model": "products.productimage",
   "pk": 32,
   "fields": {
      "product": 15,
      "image": "static/products_images/pepper.jpg",
      "description": "",
      "is_main": true,
      "is_slider": false,
      "is_active": true,
      "created": "2019-07-13T15:46:49.334Z",
      "updated": "2019-07-13T15:46:49.334Z"
   }
},
{
   "model": "products.productimage",
   "pk": 33,
   "fields": {
      "product": 16,
      "image": "static/products_images/potato.jpg",
      "description": "",
      "is_main": true,
      "is_slider": false,
      "is_active": true,
      "created": "2019-07-13T15:48:19.537Z",
      "updated": "2019-07-13T15:48:19.538Z"
   }
},
{
   "model": "products.productimage",
   "pk": 34,
   "fields": {
      "product": 17,
      "image": "static/products_images/carrot.jpg",
      "description": "",
      "is_main": true,
      "is_slider": false,
      "is_active": true,
      "created": "2019-07-13T15:49:38.361Z",
      "updated": "2019-07-13T15:49:38.361Z"
   }
},
{
   "model": "products.productimage",
   "pk": 35,
   "fields": {
      "product": 18,
      "image": "static/products_images/onion.jpg",
      "description": "",
      "is_main": true,
      "is_slider": false,
      "is_active": true,
      "created": "2019-07-13T15:51:10.562Z",
      "updated": "2019-07-13T15:51:10.562Z"
   }
},
{
   "model": "products.productimage",
   "pk": 36,
   "fields": {
      "product": 19,
      "image": "static/products_images/radish.jpg",
      "description": "",
      "is_main": true,
      "is_slider": false,
      "is_active": true,
      "created": "2019-07-13T15:52:54.405Z",
      "updated": "2019-07-13T15:52:54.405Z"
   }
},
{
   "model": "products.productimage",
   "pk": 37,
   "fields": {
      "product": 20,
      "image": "static/products_images/melon.jpg",
      "description": "",
      "is_main": true,
      "is_slider": false,
      "is_active": true,
      "created": "2019-07-13T15:56:16.805Z",
      "updated": "2019-07-13T15:56:16.805Z"
   }
},
{
   "model": "products.productimage",
   "pk": 38,
   "fields": {
      "product": 22,
      "image": "static/products_images/dill.jpg",
      "description": "",
      "is_main": true,
      "is_slider": false,
      "is_active": true,
      "created": "2019-07-13T16:00:43.772Z",
      "updated": "2019-07-13T16:00:43.772Z"
   }
},
{
   "model": "products.productimage",
   "pk": 39,
   "fields": {
      "product": 23,
      "image": "static/products_images/gooseberry1.jpg",
      "description": "",
      "is_main": true,
      "is_slider": false,
      "is_active": true,
      "created": "2019-07-13T16:02:37.013Z",
      "updated": "2019-07-13T16:06:04.417Z"
   }
},
{
   "model": "products.productimage",
   "pk": 40,
   "fields": {
      "product": 25,
      "image": "static/products_images/raspberry.jpg",
      "description": "",
      "is_main": true,
      "is_slider": false,
      "is_active": true,
      "created": "2019-07-13T16:19:04.577Z",
      "updated": "2019-07-13T16:19:04.578Z"
   }
},
{
   "model": "products.productimage",
   "pk": 41,
   "fields": {
      "product": 24,
      "image": "static/products_images/Chanterelles.jpg",
      "description": "",
      "is_main": true,
      "is_slider": false,
      "is_active": true,
      "created": "2019-07-13T16:19:36.771Z",
      "updated": "2019-07-13T16:19:36.771Z"
   }
},
{
   "model": "products.productimage",
   "pk": 42,
   "fields": {
      "product": 26,
      "image": "static/products_images/free-berry-white-organic-drink.jpg",
      "description": "",
      "is_main": true,
      "is_slider": false,
      "is_active": true,
      "created": "2019-07-14T14:46:40.617Z",
      "updated": "2019-07-14T14:52:56.181Z"
   }
},
{
   "model": "products.productimage",
   "pk": 43,
   "fields": {
      "product": 27,
      "image": "static/products_images/139110-full.jpg",
      "description": "",
      "is_main": true,
      "is_slider": false,
      "is_active": true,
      "created": "2019-07-14T14:56:28.988Z",
      "updated": "2019-07-14T14:56:28.988Z"
   }
},
{
   "model": "products.productimage",
   "pk": 44,
   "fields": {
      "product": 28,
      "image": "static/products_images/organic-nutritional-shake-stawberries-cream-4-11-fl-oz-bottles.jpg",
      "description": "",
      "is_main": true,
      "is_slider": false,
      "is_active": true,
      "created": "2019-07-14T14:59:21.406Z",
      "updated": "2019-07-14T14:59:21.406Z"
   }
},
{
   "model": "products.productimage",
   "pk": 45,
   "fields": {
      "product": 29,
      "image": "static/products_images/pknallgoodsparkling.jpg",
      "description": "",
      "is_main": true,
      "is_slider": false,
      "is_active": true,
      "created": "2019-07-14T15:02:11.548Z",
      "updated": "2019-07-14T15:02:11.548Z"
   }
},
{
   "model": "products.productimage",
   "pk": 46,
   "fields": {
      "product": 30,
      "image": "static/products_images/organic_hazelnuts_1kg-1-768x768.png",
      "description": "",
      "is_main": true,
      "is_slider": false,
      "is_active": true,
      "created": "2019-07-14T15:19:49.627Z",
      "updated": "2019-07-14T15:19:49.627Z"
   }
},
{
   "model": "products.productimage",
   "pk": 47,
   "fields": {
      "product": 31,
      "image": "static/products_images/1426032185.png",
      "description": "",
      "is_main": true,
      "is_slider": false,
      "is_active": true,
      "created": "2019-07-14T15:21:01.310Z",
      "updated": "2019-07-14T15:21:01.310Z"
   }
},
{
   "model": "products.productimage",
   "pk": 48,
   "fields": {
      "product": 32,
      "image": "static/products_images/earthgirl2.jpg",
      "description": "",
      "is_main": true,
      "is_slider": false,
      "is_active": true,
      "created": "2019-07-14T15:21:26.793Z",
      "updated": "2019-07-14T15:21:26.793Z"
   }
},
{
   "model": "products.productimage",
   "pk": 49,
   "fields": {
      "product": 33,
      "image": "static/products_images/bfe192afcfe4b695c26f7d78ec0199ee.jpg",
      "description": "",
      "is_main": true,
      "is_slider": false,
      "is_active": true,
      "created": "2019-07-14T15:23:24.866Z",
      "updated": "2019-07-14T15:23:24.866Z"
   }
},
{
   "model": "auth.permission",
   "pk": 1,
   "fields": {
      "name": "Can add log entry",
      "content_type": 1,
      "codename": "add_logentry"
   }
},
{
   "model": "auth.permission",
   "pk": 2,
   "fields": {
      "name": "Can change log entry",
      "content_type": 1,
      "codename": "change_logentry"
   }
},
{
   "model": "auth.permission",
   "pk": 3,
   "fields": {
      "name": "Can delete log entry",
      "content_type": 1,
      "codename": "delete_logentry"
   }
},
{
   "model": "auth.permission",
   "pk": 4,
   "fields": {
      "name": "Can view log entry",
      "content_type": 1,
      "codename": "view_logentry"
   }
},
{
   "model": "auth.permission",
   "pk": 5,
   "fields": {
      "name": "Can add permission",
      "content_type": 2,
      "codename": "add_permission"
   }
},
{
   "model": "auth.permission",
   "pk": 6,
   "fields": {
      "name": "Can change permission",
      "content_type": 2,
      "codename": "change_permission"
   }
},
{
   "model": "auth.permission",
   "pk": 7,
   "fields": {
      "name": "Can delete permission",
      "content_type": 2,
      "codename": "delete_permission"
   }
},
{
   "model": "auth.permission",
   "pk": 8,
   "fields": {
      "name": "Can view permission",
      "content_type": 2,
      "codename": "view_permission"
   }
},
{
   "model": "auth.permission",
   "pk": 9,
   "fields": {
      "name": "Can add group",
      "content_type": 3,
      "codename": "add_group"
   }
},
{
   "model": "auth.permission",
   "pk": 10,
   "fields": {
      "name": "Can change group",
      "content_type": 3,
      "codename": "change_group"
   }
},
{
   "model": "auth.permission",
   "pk": 11,
   "fields": {
      "name": "Can delete group",
      "content_type": 3,
      "codename": "delete_group"
   }
},
{
   "model": "auth.permission",
   "pk": 12,
   "fields": {
      "name": "Can view group",
      "content_type": 3,
      "codename": "view_group"
   }
},
{
   "model": "auth.permission",
   "pk": 13,
   "fields": {
      "name": "Can add user",
      "content_type": 4,
      "codename": "add_user"
   }
},
{
   "model": "auth.permission",
   "pk": 14,
   "fields": {
      "name": "Can change user",
      "content_type": 4,
      "codename": "change_user"
   }
},
{
   "model": "auth.permission",
   "pk": 15,
   "fields": {
      "name": "Can delete user",
      "content_type": 4,
      "codename": "delete_user"
   }
},
{
   "model": "auth.permission",
   "pk": 16,
   "fields": {
      "name": "Can view user",
      "content_type": 4,
      "codename": "view_user"
   }
},
{
   "model": "auth.permission",
   "pk": 17,
   "fields": {
      "name": "Can add content type",
      "content_type": 5,
      "codename": "add_contenttype"
   }
},
{
   "model": "auth.permission",
   "pk": 18,
   "fields": {
      "name": "Can change content type",
      "content_type": 5,
      "codename": "change_contenttype"
   }
},
{
   "model": "auth.permission",
   "pk": 19,
   "fields": {
      "name": "Can delete content type",
      "content_type": 5,
      "codename": "delete_contenttype"
   }
},
{
   "model": "auth.permission",
   "pk": 20,
   "fields": {
      "name": "Can view content type",
      "content_type": 5,
      "codename": "view_contenttype"
   }
},
{
   "model": "auth.permission",
   "pk": 21,
   "fields": {
      "name": "Can add session",
      "content_type": 6,
      "codename": "add_session"
   }
},
{
   "model": "auth.permission",
   "pk": 22,
   "fields": {
      "name": "Can change session",
      "content_type": 6,
      "codename": "change_session"
   }
},
{
   "model": "auth.permission",
   "pk": 23,
   "fields": {
      "name": "Can delete session",
      "content_type": 6,
      "codename": "delete_session"
   }
},
{
   "model": "auth.permission",
   "pk": 24,
   "fields": {
      "name": "Can view session",
      "content_type": 6,
      "codename": "view_session"
   }
},
{
   "model": "auth.permission",
   "pk": 25,
   "fields": {
      "name": "Can add subscriber",
      "content_type": 7,
      "codename": "add_subscriber"
   }
},
{
   "model": "auth.permission",
   "pk": 26,
   "fields": {
      "name": "Can change subscriber",
      "content_type": 7,
      "codename": "change_subscriber"
   }
},
{
   "model": "auth.permission",
   "pk": 27,
   "fields": {
      "name": "Can delete subscriber",
      "content_type": 7,
      "codename": "delete_subscriber"
   }
},
{
   "model": "auth.permission",
   "pk": 28,
   "fields": {
      "name": "Can view subscriber",
      "content_type": 7,
      "codename": "view_subscriber"
   }
},
{
   "model": "auth.permission",
   "pk": 29,
   "fields": {
      "name": "Can add order",
      "content_type": 8,
      "codename": "add_order"
   }
},
{
   "model": "auth.permission",
   "pk": 30,
   "fields": {
      "name": "Can change order",
      "content_type": 8,
      "codename": "change_order"
   }
},
{
   "model": "auth.permission",
   "pk": 31,
   "fields": {
      "name": "Can delete order",
      "content_type": 8,
      "codename": "delete_order"
   }
},
{
   "model": "auth.permission",
   "pk": 32,
   "fields": {
      "name": "Can view order",
      "content_type": 8,
      "codename": "view_order"
   }
},
{
   "model": "auth.permission",
   "pk": 33,
   "fields": {
      "name": "Can add Order Status",
      "content_type": 9,
      "codename": "add_status"
   }
},
{
   "model": "auth.permission",
   "pk": 34,
   "fields": {
      "name": "Can change Order Status",
      "content_type": 9,
      "codename": "change_status"
   }
},
{
   "model": "auth.permission",
   "pk": 35,
   "fields": {
      "name": "Can delete Order Status",
      "content_type": 9,
      "codename": "delete_status"
   }
},
{
   "model": "auth.permission",
   "pk": 36,
   "fields": {
      "name": "Can view Order Status",
      "content_type": 9,
      "codename": "view_status"
   }
},
{
   "model": "auth.permission",
   "pk": 37,
   "fields": {
      "name": "Can add product in order",
      "content_type": 10,
      "codename": "add_productinorder"
   }
},
{
   "model": "auth.permission",
   "pk": 38,
   "fields": {
      "name": "Can change product in order",
      "content_type": 10,
      "codename": "change_productinorder"
   }
},
{
   "model": "auth.permission",
   "pk": 39,
   "fields": {
      "name": "Can delete product in order",
      "content_type": 10,
      "codename": "delete_productinorder"
   }
},
{
   "model": "auth.permission",
   "pk": 40,
   "fields": {
      "name": "Can view product in order",
      "content_type": 10,
      "codename": "view_productinorder"
   }
},
{
   "model": "auth.permission",
   "pk": 41,
   "fields": {
      "name": "Can add product",
      "content_type": 11,
      "codename": "add_product"
   }
},
{
   "model": "auth.permission",
   "pk": 42,
   "fields": {
      "name": "Can change product",
      "content_type": 11,
      "codename": "change_product"
   }
},
{
   "model": "auth.permission",
   "pk": 43,
   "fields": {
      "name": "Can delete product",
      "content_type": 11,
      "codename": "delete_product"
   }
},
{
   "model": "auth.permission",
   "pk": 44,
   "fields": {
      "name": "Can view product",
      "content_type": 11,
      "codename": "view_product"
   }
},
{
   "model": "auth.permission",
   "pk": 45,
   "fields": {
      "name": "Can add Image",
      "content_type": 12,
      "codename": "add_productimage"
   }
},
{
   "model": "auth.permission",
   "pk": 46,
   "fields": {
      "name": "Can change Image",
      "content_type": 12,
      "codename": "change_productimage"
   }
},
{
   "model": "auth.permission",
   "pk": 47,
   "fields": {
      "name": "Can delete Image",
      "content_type": 12,
      "codename": "delete_productimage"
   }
},
{
   "model": "auth.permission",
   "pk": 48,
   "fields": {
      "name": "Can view Image",
      "content_type": 12,
      "codename": "view_productimage"
   }
},
{
   "model": "auth.permission",
   "pk": 49,
   "fields": {
      "name": "Can add Product Category",
      "content_type": 13,
      "codename": "add_productcategory"
   }
},
{
   "model": "auth.permission",
   "pk": 50,
   "fields": {
      "name": "Can change Product Category",
      "content_type": 13,
      "codename": "change_productcategory"
   }
},
{
   "model": "auth.permission",
   "pk": 51,
   "fields": {
      "name": "Can delete Product Category",
      "content_type": 13,
      "codename": "delete_productcategory"
   }
},
{
   "model": "auth.permission",
   "pk": 52,
   "fields": {
      "name": "Can view Product Category",
      "content_type": 13,
      "codename": "view_productcategory"
   }
},
{
   "model": "auth.permission",
   "pk": 53,
   "fields": {
      "name": "Can add Product in Cart",
      "content_type": 14,
      "codename": "add_productincart"
   }
},
{
   "model": "auth.permission",
   "pk": 54,
   "fields": {
      "name": "Can change Product in Cart",
      "content_type": 14,
      "codename": "change_productincart"
   }
},
{
   "model": "auth.permission",
   "pk": 55,
   "fields": {
      "name": "Can delete Product in Cart",
      "content_type": 14,
      "codename": "delete_productincart"
   }
},
{
   "model": "auth.permission",
   "pk": 56,
   "fields": {
      "name": "Can view Product in Cart",
      "content_type": 14,
      "codename": "view_productincart"
   }
},
{
   "model": "auth.permission",
   "pk": 57,
   "fields": {
      "name": "Can add Carousel Image",
      "content_type": 15,
      "codename": "add_maincarousel"
   }
},
{
   "model": "auth.permission",
   "pk": 58,
   "fields": {
      "name": "Can change Carousel Image",
      "content_type": 15,
      "codename": "change_maincarousel"
   }
},
{
   "model": "auth.permission",
   "pk": 59,
   "fields": {
      "name": "Can delete Carousel Image",
      "content_type": 15,
      "codename": "delete_maincarousel"
   }
},
{
   "model": "auth.permission",
   "pk": 60,
   "fields": {
      "name": "Can view Carousel Image",
      "content_type": 15,
      "codename": "view_maincarousel"
   }
},
{
   "model": "auth.permission",
   "pk": 61,
   "fields": {
      "name": "Can add BG Image",
      "content_type": 16,
      "codename": "add_backgroundimage"
   }
},
{
   "model": "auth.permission",
   "pk": 62,
   "fields": {
      "name": "Can change BG Image",
      "content_type": 16,
      "codename": "change_backgroundimage"
   }
},
{
   "model": "auth.permission",
   "pk": 63,
   "fields": {
      "name": "Can delete BG Image",
      "content_type": 16,
      "codename": "delete_backgroundimage"
   }
},
{
   "model": "auth.permission",
   "pk": 64,
   "fields": {
      "name": "Can view BG Image",
      "content_type": 16,
      "codename": "view_backgroundimage"
   }
},
{
   "model": "auth.permission",
   "pk": 65,
   "fields": {
      "name": "Can add background image",
      "content_type": 17,
      "codename": "add_backgroundimage"
   }
},
{
   "model": "auth.permission",
   "pk": 66,
   "fields": {
      "name": "Can change background image",
      "content_type": 17,
      "codename": "change_backgroundimage"
   }
},
{
   "model": "auth.permission",
   "pk": 67,
   "fields": {
      "name": "Can delete background image",
      "content_type": 17,
      "codename": "delete_backgroundimage"
   }
},
{
   "model": "auth.permission",
   "pk": 68,
   "fields": {
      "name": "Can view background image",
      "content_type": 17,
      "codename": "view_backgroundimage"
   }
},
{
   "model": "auth.user",
   "pk": 1,
   "fields": {
      "password": "pbkdf2_sha256$150000$BfD1uRND06FB$gXb2JlVRq8rpLYDwAePXEaNLBo9RR9f5h+JfMxUhLSs=",
      "last_login": "2019-08-11T16:25:19.801Z",
      "is_superuser": true,
      "username": "admin",
      "first_name": "",
      "last_name": "",
      "email": "atilaus@mail.ru",
      "is_staff": true,
      "is_active": true,
      "date_joined": "2019-06-21T20:09:24.001Z",
      "groups": [],
      "user_permissions": []
   }
},
{
   "model": "auth.user",
   "pk": 14,
   "fields": {
      "password": "pbkdf2_sha256$150000$srt9RpSHqIq9$wvCCiZMB5WILpoRbD6ASN/R7QR5MFTvDPyz/H9R6qUk=",
      "last_login": "2019-08-05T17:14:30.997Z",
      "is_superuser": false,
      "username": "test@mail.com",
      "first_name": "name_test",
      "last_name": "",
      "email": "",
      "is_staff": false,
      "is_active": true,
      "date_joined": "2019-08-04T18:56:35.631Z",
      "groups": [],
      "user_permissions": []
   }
},
{
   "model": "auth.user",
   "pk": 15,
   "fields": {
      "password": "pbkdf2_sha256$150000$GTbZnTjDl1Z8$6L9tWSSdEh9HbrSvGlN4VfyPAJ8OKy+lCRxJ/iT4s+A=",
      "last_login": "2019-08-09T17:02:58.141Z",
      "is_superuser": false,
      "username": "test1@ttt.ru",
      "first_name": "",
      "last_name": "",
      "email": "test1@ttt.ru",
      "is_staff": false,
      "is_active": true,
      "date_joined": "2019-08-09T16:48:28.270Z",
      "groups": [],
      "user_permissions": []
   }
},
{
   "model": "auth.user",
   "pk": 16,
   "fields": {
      "password": "pbkdf2_sha256$150000$CUqyTSvADkY0$Gw1FD6YK3my/pwmw2rcozq3aApH4dWea1d5surNWxtc=",
      "last_login": "2019-08-09T17:01:40.697Z",
      "is_superuser": false,
      "username": "test2@ttt.ru",
      "first_name": "",
      "last_name": "",
      "email": "",
      "is_staff": false,
      "is_active": true,
      "date_joined": "2019-08-09T17:01:39.496Z",
      "groups": [],
      "user_permissions": []
   }
},
{
   "model": "auth.user",
   "pk": 17,
   "fields": {
      "password": "123456",
      "last_login": null,
      "is_superuser": false,
      "username": "test3@ttt.ru",
      "first_name": "",
      "last_name": "",
      "email": "test3@ttt.ru",
      "is_staff": false,
      "is_active": true,
      "date_joined": "2019-08-09T17:39:45.707Z",
      "groups": [],
      "user_permissions": []
   }
},
{
   "model": "auth.user",
   "pk": 18,
   "fields": {
      "password": "123456",
      "last_login": null,
      "is_superuser": false,
      "username": "test4@mmail.ru",
      "first_name": "",
      "last_name": "",
      "email": "test4@mmail.ru",
      "is_staff": false,
      "is_active": true,
      "date_joined": "2019-08-09T17:54:17.344Z",
      "groups": [],
      "user_permissions": []
   }
},
{
   "model": "auth.user",
   "pk": 19,
   "fields": {
      "password": "123456",
      "last_login": null,
      "is_superuser": false,
      "username": "test5@ttt.ru",
      "first_name": "",
      "last_name": "",
      "email": "test5@ttt.ru",
      "is_staff": false,
      "is_active": true,
      "date_joined": "2019-08-09T18:48:44.674Z",
      "groups": [],
      "user_permissions": []
   }
},
{
   "model": "auth.user",
   "pk": 20,
   "fields": {
      "password": "123456",
      "last_login": null,
      "is_superuser": false,
      "username": "test6@ttt.ru",
      "first_name": "",
      "last_name": "",
      "email": "test6@ttt.ru",
      "is_staff": false,
      "is_active": true,
      "date_joined": "2019-08-09T18:51:03.747Z",
      "groups": [],
      "user_permissions": []
   }
},
{
   "model": "auth.user",
   "pk": 21,
   "fields": {
      "password": "123456",
      "last_login": null,
      "is_superuser": false,
      "username": "test7@ttt.ru",
      "first_name": "",
      "last_name": "",
      "email": "test7@ttt.ru",
      "is_staff": false,
      "is_active": true,
      "date_joined": "2019-08-09T18:55:10.585Z",
      "groups": [],
      "user_permissions": []
   }
},
{
   "model": "auth.user",
   "pk": 22,
   "fields": {
      "password": "123456",
      "last_login": null,
      "is_superuser": false,
      "username": "test8@rrr.ty",
      "first_name": "",
      "last_name": "",
      "email": "test8@rrr.ty",
      "is_staff": false,
      "is_active": true,
      "date_joined": "2019-08-09T18:59:06.539Z",
      "groups": [],
      "user_permissions": []
   }
},
{
   "model": "auth.user",
   "pk": 23,
   "fields": {
      "password": "123456",
      "last_login": "2019-08-09T19:32:04.337Z",
      "is_superuser": false,
      "username": "test9@rrr.ttt",
      "first_name": "",
      "last_name": "",
      "email": "test9@rrr.ttt",
      "is_staff": false,
      "is_active": true,
      "date_joined": "2019-08-09T19:32:03.807Z",
      "groups": [],
      "user_permissions": []
   }
},
{
   "model": "auth.user",
   "pk": 24,
   "fields": {
      "password": "123456",
      "last_login": "2019-08-09T19:33:14.058Z",
      "is_superuser": false,
      "username": "test11@rrr.tt",
      "first_name": "",
      "last_name": "",
      "email": "test11@rrr.tt",
      "is_staff": false,
      "is_active": true,
      "date_joined": "2019-08-09T19:33:13.605Z",
      "groups": [],
      "user_permissions": []
   }
},
{
   "model": "auth.user",
   "pk": 25,
   "fields": {
      "password": "123456",
      "last_login": null,
      "is_superuser": false,
      "username": "test11@ttt.rrr",
      "first_name": "",
      "last_name": "",
      "email": "test11@ttt.rrr",
      "is_staff": false,
      "is_active": true,
      "date_joined": "2019-08-10T12:34:10.927Z",
      "groups": [],
      "user_permissions": []
   }
},
{
   "model": "auth.user",
   "pk": 26,
   "fields": {
      "password": "123456",
      "last_login": null,
      "is_superuser": false,
      "username": "test11@ttt.rr",
      "first_name": "",
      "last_name": "",
      "email": "test11@ttt.rr",
      "is_staff": false,
      "is_active": true,
      "date_joined": "2019-08-10T12:36:48.237Z",
      "groups": [],
      "user_permissions": []
   }
},
{
   "model": "auth.user",
   "pk": 27,
   "fields": {
      "password": "pbkdf2_sha256$150000$5LaeUFjZrWUi$76PAqaDFpof2CuLmsbY6L+FyS6blxL9zatyZTPUbgjo=",
      "last_login": "2019-08-12T18:08:04.252Z",
      "is_superuser": false,
      "username": "test11@ttt.ru",
      "first_name": "",
      "last_name": "",
      "email": "test11@ttt.ru",
      "is_staff": false,
      "is_active": true,
      "date_joined": "2019-08-10T12:38:25.613Z",
      "groups": [],
      "user_permissions": []
   }
},
{
   "model": "auth.user",
   "pk": 28,
   "fields": {
      "password": "pbkdf2_sha256$150000$pXjl0QBszQrl$pq67zNBjfJPKV/9zog3KuDv79dZ+VdYOZBv/iAwBM7c=",
      "last_login": "2019-08-11T17:32:27.160Z",
      "is_superuser": false,
      "username": "test1@qq.qq",
      "first_name": "",
      "last_name": "",
      "email": "",
      "is_staff": false,
      "is_active": true,
      "date_joined": "2019-08-11T17:22:28.535Z",
      "groups": [],
      "user_permissions": []
   }
},
{
   "model": "orders.order",
   "pk": 41,
   "fields": {
      "user": 24,
      "customer_email": "test11@rrr.tt",
      "customer_name": "test11@rrr.tt",
      "customer_phone": null,
      "customer_address": null,
      "comments": null,
      "total_price": "2.00",
      "status": 1,
      "created": "2019-08-09T19:33:13.700Z",
      "updated": "2019-08-09T19:33:13.972Z"
   }
},
{
   "model": "orders.order",
   "pk": 42,
   "fields": {
      "user": 25,
      "customer_email": "test11@ttt.rrr",
      "customer_name": "test11@ttt.rrr",
      "customer_phone": null,
      "customer_address": null,
      "comments": null,
      "total_price": "2.92",
      "status": 1,
      "created": "2019-08-10T12:34:11.061Z",
      "updated": "2019-08-10T12:34:11.466Z"
   }
},
{
   "model": "orders.order",
   "pk": 43,
   "fields": {
      "user": 26,
      "customer_email": "test11@ttt.rr",
      "customer_name": "test11@ttt.rr",
      "customer_phone": null,
      "customer_address": null,
      "comments": null,
      "total_price": "2.25",
      "status": 1,
      "created": "2019-08-10T12:36:48.358Z",
      "updated": "2019-08-10T12:36:48.759Z"
   }
},
{
   "model": "orders.order",
   "pk": 44,
   "fields": {
      "user": 27,
      "customer_email": "test11@ttt.ru",
      "customer_name": "test11@ttt.ru",
      "customer_phone": null,
      "customer_address": null,
      "comments": null,
      "total_price": "20.00",
      "status": 1,
      "created": "2019-08-10T12:38:25.794Z",
      "updated": "2019-08-10T12:38:26.125Z"
   }
},
{
   "model": "orders.order",
   "pk": 45,
   "fields": {
      "user": 27,
      "customer_email": "test11@ttt.ru",
      "customer_name": "test11@ttt.ru",
      "customer_phone": null,
      "customer_address": null,
      "comments": "",
      "total_price": "1.50",
      "status": 7,
      "created": "2019-08-10T13:09:42.064Z",
      "updated": "2019-08-11T08:47:30.013Z"
   }
},
{
   "model": "orders.order",
   "pk": 46,
   "fields": {
      "user": 27,
      "customer_email": "test11@ttt.ru",
      "customer_name": "test11@ttt.ru",
      "customer_phone": null,
      "customer_address": null,
      "comments": null,
      "total_price": "2.90",
      "status": 1,
      "created": "2019-08-10T15:51:24.277Z",
      "updated": "2019-08-10T15:51:24.886Z"
   }
},
{
   "model": "orders.order",
   "pk": 48,
   "fields": {
      "user": 27,
      "customer_email": null,
      "customer_name": null,
      "customer_phone": null,
      "customer_address": null,
      "comments": null,
      "total_price": "2.20",
      "status": 1,
      "created": "2019-08-11T08:25:10.525Z",
      "updated": "2019-08-11T08:25:10.848Z"
   }
},
{
   "model": "orders.order",
   "pk": 50,
   "fields": {
      "user": 27,
      "customer_email": null,
      "customer_name": null,
      "customer_phone": null,
      "customer_address": null,
      "comments": "",
      "total_price": "3.40",
      "status": 6,
      "created": "2019-08-11T08:38:50.733Z",
      "updated": "2019-08-11T08:47:12.768Z"
   }
},
{
   "model": "admin.logentry",
   "pk": 1,
   "fields": {
      "action_time": "2019-06-22T18:26:48.344Z",
      "user": 1,
      "content_type": 11,
      "object_id": "1",
      "object_repr": "Product 1 Yoghurt Frutti",
      "action_flag": 1,
      "change_message": "[{\"added\": {}}]"
   }
},
{
   "model": "admin.logentry",
   "pk": 2,
   "fields": {
      "action_time": "2019-06-22T18:33:49.384Z",
      "user": 1,
      "content_type": 12,
      "object_id": "1",
      "object_repr": "Image 1 Yoghurt Frutti",
      "action_flag": 1,
      "change_message": "[{\"added\": {}}]"
   }
},
{
   "model": "admin.logentry",
   "pk": 3,
   "fields": {
      "action_time": "2019-06-22T18:47:19.470Z",
      "user": 1,
      "content_type": 9,
      "object_id": "1",
      "object_repr": "Status 1. Collected",
      "action_flag": 1,
      "change_message": "[{\"added\": {}}]"
   }
},
{
   "model": "admin.logentry",
   "pk": 4,
   "fields": {
      "action_time": "2019-06-22T18:47:45.125Z",
      "user": 1,
      "content_type": 9,
      "object_id": "2",
      "object_repr": "Status 2. Confirmed by seller",
      "action_flag": 1,
      "change_message": "[{\"added\": {}}]"
   }
},
{
   "model": "admin.logentry",
   "pk": 5,
   "fields": {
      "action_time": "2019-06-22T18:48:38.958Z",
      "user": 1,
      "content_type": 9,
      "object_id": "3",
      "object_repr": "Status 3. Payed",
      "action_flag": 1,
      "change_message": "[{\"added\": {}}]"
   }
},
{
   "model": "admin.logentry",
   "pk": 6,
   "fields": {
      "action_time": "2019-06-22T18:49:32.394Z",
      "user": 1,
      "content_type": 9,
      "object_id": "4",
      "object_repr": "Status 4. In forming by seller",
      "action_flag": 1,
      "change_message": "[{\"added\": {}}]"
   }
},
{
   "model": "admin.logentry",
   "pk": 7,
   "fields": {
      "action_time": "2019-06-22T18:49:50.985Z",
      "user": 1,
      "content_type": 9,
      "object_id": "2",
      "object_repr": "Status 2. Confirmed by buyer",
      "action_flag": 2,
      "change_message": "[{\"changed\": {\"fields\": [\"name\"]}}]"
   }
},
{
   "model": "admin.logentry",
   "pk": 8,
   "fields": {
      "action_time": "2019-06-22T18:50:41.867Z",
      "user": 1,
      "content_type": 9,
      "object_id": "5",
      "object_repr": "Status 5. Send",
      "action_flag": 1,
      "change_message": "[{\"added\": {}}]"
   }
},
{
   "model": "admin.logentry",
   "pk": 9,
   "fields": {
      "action_time": "2019-06-22T18:50:59.724Z",
      "user": 1,
      "content_type": 9,
      "object_id": "6",
      "object_repr": "Status 6. Delivered",
      "action_flag": 1,
      "change_message": "[{\"added\": {}}]"
   }
},
{
   "model": "admin.logentry",
   "pk": 10,
   "fields": {
      "action_time": "2019-06-22T18:51:07.184Z",
      "user": 1,
      "content_type": 8,
      "object_id": "1",
      "object_repr": "Order 1 Test 6. Delivered",
      "action_flag": 1,
      "change_message": "[{\"added\": {}}]"
   }
},
{
   "model": "admin.logentry",
   "pk": 11,
   "fields": {
      "action_time": "2019-06-22T18:52:14.028Z",
      "user": 1,
      "content_type": 9,
      "object_id": "7",
      "object_repr": "Status Declined",
      "action_flag": 1,
      "change_message": "[{\"added\": {}}]"
   }
},
{
   "model": "admin.logentry",
   "pk": 12,
   "fields": {
      "action_time": "2019-06-22T18:52:38.936Z",
      "user": 1,
      "content_type": 9,
      "object_id": "1",
      "object_repr": "Status 1. New Order",
      "action_flag": 2,
      "change_message": "[{\"changed\": {\"fields\": [\"name\"]}}]"
   }
},
{
   "model": "admin.logentry",
   "pk": 13,
   "fields": {
      "action_time": "2019-06-22T18:52:54.045Z",
      "user": 1,
      "content_type": 8,
      "object_id": "1",
      "object_repr": "Order 1 Test 1. New Order",
      "action_flag": 2,
      "change_message": "[{\"changed\": {\"fields\": [\"status\"]}}]"
   }
},
{
   "model": "admin.logentry",
   "pk": 14,
   "fields": {
      "action_time": "2019-06-22T18:55:12.567Z",
      "user": 1,
      "content_type": 10,
      "object_id": "1",
      "object_repr": "Product 1 Yoghurt Frutti 2019-06-22 18:55:12.531250+00:00",
      "action_flag": 1,
      "change_message": "[{\"added\": {}}]"
   }
},
{
   "model": "admin.logentry",
   "pk": 15,
   "fields": {
      "action_time": "2019-06-22T19:50:00.813Z",
      "user": 1,
      "content_type": 8,
      "object_id": "1",
      "object_repr": "Order 1 Test 1. New Order",
      "action_flag": 3,
      "change_message": ""
   }
},
{
   "model": "admin.logentry",
   "pk": 16,
   "fields": {
      "action_time": "2019-06-25T18:38:32.875Z",
      "user": 1,
      "content_type": 8,
      "object_id": "1",
      "object_repr": "Order 1 Test 1. New Order",
      "action_flag": 2,
      "change_message": "[{\"changed\": {\"name\": \"Product in Order\", \"object\": \"Product 1 Yoghurt Frutti 2019-06-22 18:55:12.531250+00:00\", \"fields\": [\"quantity\", \"price_per_item\"]}}]"
   }
},
{
   "model": "admin.logentry",
   "pk": 17,
   "fields": {
      "action_time": "2019-06-25T18:39:08.133Z",
      "user": 1,
      "content_type": 11,
      "object_id": "1",
      "object_repr": "Product 1 50.00 Yoghurt Frutti",
      "action_flag": 2,
      "change_message": "[{\"changed\": {\"fields\": [\"price\"]}}]"
   }
},
{
   "model": "admin.logentry",
   "pk": 18,
   "fields": {
      "action_time": "2019-06-25T18:39:13.893Z",
      "user": 1,
      "content_type": 8,
      "object_id": "1",
      "object_repr": "Order 1 Test 1. New Order",
      "action_flag": 2,
      "change_message": "[]"
   }
},
{
   "model": "admin.logentry",
   "pk": 19,
   "fields": {
      "action_time": "2019-06-25T18:39:22.332Z",
      "user": 1,
      "content_type": 8,
      "object_id": "1",
      "object_repr": "Order 1 Test 1. New Order",
      "action_flag": 2,
      "change_message": "[{\"changed\": {\"name\": \"Product in Order\", \"object\": \"Product 1 Yoghurt Frutti 2019-06-22 18:55:12.531250+00:00\", \"fields\": [\"price_per_item\"]}}]"
   }
},
{
   "model": "admin.logentry",
   "pk": 20,
   "fields": {
      "action_time": "2019-06-25T20:12:45.582Z",
      "user": 1,
      "content_type": 12,
      "object_id": "1",
      "object_repr": "Image 1 Yoghurt Frutti",
      "action_flag": 2,
      "change_message": "[{\"changed\": {\"fields\": [\"is_main\"]}}]"
   }
},
{
   "model": "admin.logentry",
   "pk": 21,
   "fields": {
      "action_time": "2019-06-26T18:31:54.857Z",
      "user": 1,
      "content_type": 11,
      "object_id": "2",
      "object_repr": "Dried Fruit",
      "action_flag": 1,
      "change_message": "[{\"added\": {}}, {\"added\": {\"name\": \"Image\", \"object\": \"Image 2 \"}}]"
   }
},
{
   "model": "admin.logentry",
   "pk": 22,
   "fields": {
      "action_time": "2019-06-26T19:02:17.475Z",
      "user": 1,
      "content_type": 11,
      "object_id": "3",
      "object_repr": "Liberte Kefir",
      "action_flag": 1,
      "change_message": "[{\"added\": {}}, {\"added\": {\"name\": \"Image\", \"object\": \"Image 3 \"}}]"
   }
},
{
   "model": "admin.logentry",
   "pk": 23,
   "fields": {
      "action_time": "2019-06-26T19:05:47.815Z",
      "user": 1,
      "content_type": 11,
      "object_id": "4",
      "object_repr": "Natura CHIA bar",
      "action_flag": 1,
      "change_message": "[{\"added\": {}}, {\"added\": {\"name\": \"Image\", \"object\": \"Image 4 \"}}]"
   }
},
{
   "model": "admin.logentry",
   "pk": 24,
   "fields": {
      "action_time": "2019-06-26T20:27:18.900Z",
      "user": 1,
      "content_type": 13,
      "object_id": "1",
      "object_repr": "Drinks",
      "action_flag": 1,
      "change_message": "[{\"added\": {}}]"
   }
},
{
   "model": "admin.logentry",
   "pk": 25,
   "fields": {
      "action_time": "2019-06-26T20:27:31.640Z",
      "user": 1,
      "content_type": 11,
      "object_id": "1",
      "object_repr": "Yoghurt Frutti",
      "action_flag": 2,
      "change_message": "[{\"changed\": {\"fields\": [\"category\", \"short_description\"]}}]"
   }
},
{
   "model": "admin.logentry",
   "pk": 26,
   "fields": {
      "action_time": "2019-06-26T20:27:58.187Z",
      "user": 1,
      "content_type": 13,
      "object_id": "2",
      "object_repr": "Food",
      "action_flag": 1,
      "change_message": "[{\"added\": {}}]"
   }
},
{
   "model": "admin.logentry",
   "pk": 27,
   "fields": {
      "action_time": "2019-06-26T20:28:03.462Z",
      "user": 1,
      "content_type": 11,
      "object_id": "2",
      "object_repr": "Dried Fruit",
      "action_flag": 2,
      "change_message": "[{\"changed\": {\"fields\": [\"category\"]}}]"
   }
},
{
   "model": "admin.logentry",
   "pk": 28,
   "fields": {
      "action_time": "2019-06-26T20:28:15.774Z",
      "user": 1,
      "content_type": 11,
      "object_id": "3",
      "object_repr": "Liberte Kefir",
      "action_flag": 2,
      "change_message": "[{\"changed\": {\"fields\": [\"category\"]}}]"
   }
},
{
   "model": "admin.logentry",
   "pk": 29,
   "fields": {
      "action_time": "2019-06-26T20:28:27.742Z",
      "user": 1,
      "content_type": 11,
      "object_id": "4",
      "object_repr": "Natura CHIA bar",
      "action_flag": 2,
      "change_message": "[{\"changed\": {\"fields\": [\"category\"]}}]"
   }
},
{
   "model": "admin.logentry",
   "pk": 30,
   "fields": {
      "action_time": "2019-06-26T20:29:52.763Z",
      "user": 1,
      "content_type": 11,
      "object_id": "3",
      "object_repr": "Liberte Kefir",
      "action_flag": 2,
      "change_message": "[{\"changed\": {\"fields\": [\"discount\"]}}]"
   }
},
{
   "model": "admin.logentry",
   "pk": 31,
   "fields": {
      "action_time": "2019-06-27T17:02:38.607Z",
      "user": 1,
      "content_type": 11,
      "object_id": "3",
      "object_repr": "Liberte Kefir",
      "action_flag": 2,
      "change_message": "[{\"changed\": {\"fields\": [\"discount\"]}}]"
   }
},
{
   "model": "admin.logentry",
   "pk": 32,
   "fields": {
      "action_time": "2019-06-27T17:03:01.791Z",
      "user": 1,
      "content_type": 11,
      "object_id": "4",
      "object_repr": "Natura CHIA bar",
      "action_flag": 2,
      "change_message": "[{\"changed\": {\"fields\": [\"discount\"]}}]"
   }
},
{
   "model": "admin.logentry",
   "pk": 33,
   "fields": {
      "action_time": "2019-06-29T20:26:29.384Z",
      "user": 1,
      "content_type": 11,
      "object_id": "1",
      "object_repr": "20.0, Yoghurt Frutti",
      "action_flag": 2,
      "change_message": "[{\"changed\": {\"fields\": [\"price\"]}}]"
   }
},
{
   "model": "admin.logentry",
   "pk": 34,
   "fields": {
      "action_time": "2019-06-29T20:27:14.060Z",
      "user": 1,
      "content_type": 11,
      "object_id": "2",
      "object_repr": "2.0, Dried Fruit",
      "action_flag": 2,
      "change_message": "[]"
   }
},
{
   "model": "admin.logentry",
   "pk": 35,
   "fields": {
      "action_time": "2019-06-29T20:27:30.499Z",
      "user": 1,
      "content_type": 11,
      "object_id": "3",
      "object_repr": "2.55, Liberte Kefir",
      "action_flag": 2,
      "change_message": "[]"
   }
},
{
   "model": "admin.logentry",
   "pk": 36,
   "fields": {
      "action_time": "2019-06-29T20:27:41.385Z",
      "user": 1,
      "content_type": 11,
      "object_id": "4",
      "object_repr": "1.425, Natura CHIA bar",
      "action_flag": 2,
      "change_message": "[]"
   }
},
{
   "model": "admin.logentry",
   "pk": 37,
   "fields": {
      "action_time": "2019-07-06T08:49:33.295Z",
      "user": 1,
      "content_type": 14,
      "object_id": "1",
      "object_repr": "Product 1 None 2019-07-04 17:46:07.268671+00:00",
      "action_flag": 3,
      "change_message": ""
   }
},
{
   "model": "admin.logentry",
   "pk": 38,
   "fields": {
      "action_time": "2019-07-06T08:49:44.700Z",
      "user": 1,
      "content_type": 14,
      "object_id": "10",
      "object_repr": "Product 10 None 2019-07-04 17:58:59.922968+00:00",
      "action_flag": 3,
      "change_message": ""
   }
},
{
   "model": "admin.logentry",
   "pk": 39,
   "fields": {
      "action_time": "2019-07-06T08:49:44.879Z",
      "user": 1,
      "content_type": 14,
      "object_id": "9",
      "object_repr": "Product 9 None 2019-07-04 17:58:59.353632+00:00",
      "action_flag": 3,
      "change_message": ""
   }
},
{
   "model": "admin.logentry",
   "pk": 40,
   "fields": {
      "action_time": "2019-07-06T08:49:45.144Z",
      "user": 1,
      "content_type": 14,
      "object_id": "8",
      "object_repr": "Product 8 None 2019-07-04 17:58:57.297968+00:00",
      "action_flag": 3,
      "change_message": ""
   }
},
{
   "model": "admin.logentry",
   "pk": 41,
   "fields": {
      "action_time": "2019-07-06T08:49:45.277Z",
      "user": 1,
      "content_type": 14,
      "object_id": "7",
      "object_repr": "Product 7 None 2019-07-04 17:58:56.746211+00:00",
      "action_flag": 3,
      "change_message": ""
   }
},
{
   "model": "admin.logentry",
   "pk": 42,
   "fields": {
      "action_time": "2019-07-06T08:49:45.376Z",
      "user": 1,
      "content_type": 14,
      "object_id": "6",
      "object_repr": "Product 6 None 2019-07-04 17:58:24.260859+00:00",
      "action_flag": 3,
      "change_message": ""
   }
},
{
   "model": "admin.logentry",
   "pk": 43,
   "fields": {
      "action_time": "2019-07-06T08:49:45.471Z",
      "user": 1,
      "content_type": 14,
      "object_id": "5",
      "object_repr": "Product 5 None 2019-07-04 17:58:19.991328+00:00",
      "action_flag": 3,
      "change_message": ""
   }
},
{
   "model": "admin.logentry",
   "pk": 44,
   "fields": {
      "action_time": "2019-07-06T08:49:45.552Z",
      "user": 1,
      "content_type": 14,
      "object_id": "4",
      "object_repr": "Product 4 None 2019-07-04 17:58:15.159296+00:00",
      "action_flag": 3,
      "change_message": ""
   }
},
{
   "model": "admin.logentry",
   "pk": 45,
   "fields": {
      "action_time": "2019-07-06T08:49:45.648Z",
      "user": 1,
      "content_type": 14,
      "object_id": "3",
      "object_repr": "Product 3 None 2019-07-04 17:46:54.743281+00:00",
      "action_flag": 3,
      "change_message": ""
   }
},
{
   "model": "admin.logentry",
   "pk": 46,
   "fields": {
      "action_time": "2019-07-06T08:49:45.752Z",
      "user": 1,
      "content_type": 14,
      "object_id": "2",
      "object_repr": "Product 2 None 2019-07-04 17:46:43.365351+00:00",
      "action_flag": 3,
      "change_message": ""
   }
},
{
   "model": "admin.logentry",
   "pk": 47,
   "fields": {
      "action_time": "2019-07-06T15:52:52.787Z",
      "user": 1,
      "content_type": 14,
      "object_id": "4",
      "object_repr": "Product 4 Liberte Kefir 2019-07-06 10:09:07.889648+00:00",
      "action_flag": 3,
      "change_message": ""
   }
},
{
   "model": "admin.logentry",
   "pk": 48,
   "fields": {
      "action_time": "2019-07-06T15:52:53.180Z",
      "user": 1,
      "content_type": 14,
      "object_id": "3",
      "object_repr": "Product 3 Dried Fruit 2019-07-06 10:08:48.750976+00:00",
      "action_flag": 3,
      "change_message": ""
   }
},
{
   "model": "admin.logentry",
   "pk": 49,
   "fields": {
      "action_time": "2019-07-06T15:52:53.357Z",
      "user": 1,
      "content_type": 14,
      "object_id": "2",
      "object_repr": "Product 2 Yoghurt Frutti 2019-07-06 10:07:09.029296+00:00",
      "action_flag": 3,
      "change_message": ""
   }
},
{
   "model": "admin.logentry",
   "pk": 50,
   "fields": {
      "action_time": "2019-07-06T15:52:53.544Z",
      "user": 1,
      "content_type": 14,
      "object_id": "1",
      "object_repr": "Product 1 Yoghurt Frutti 2019-07-06 10:06:49.635742+00:00",
      "action_flag": 3,
      "change_message": ""
   }
},
{
   "model": "admin.logentry",
   "pk": 51,
   "fields": {
      "action_time": "2019-07-08T15:53:15.669Z",
      "user": 1,
      "content_type": 10,
      "object_id": "1",
      "object_repr": "Product 1 Yoghurt Frutti 2019-06-22 18:55:12.531250+00:00",
      "action_flag": 3,
      "change_message": ""
   }
},
{
   "model": "admin.logentry",
   "pk": 52,
   "fields": {
      "action_time": "2019-07-08T17:01:25.019Z",
      "user": 1,
      "content_type": 8,
      "object_id": "3",
      "object_repr": "Order 3 test_user 1. New Order",
      "action_flag": 3,
      "change_message": ""
   }
},
{
   "model": "admin.logentry",
   "pk": 53,
   "fields": {
      "action_time": "2019-07-08T17:01:25.244Z",
      "user": 1,
      "content_type": 8,
      "object_id": "2",
      "object_repr": "Order 2 test_user 1. New Order",
      "action_flag": 3,
      "change_message": ""
   }
},
{
   "model": "admin.logentry",
   "pk": 54,
   "fields": {
      "action_time": "2019-07-08T17:01:25.416Z",
      "user": 1,
      "content_type": 8,
      "object_id": "1",
      "object_repr": "Order 1 Test 1. New Order",
      "action_flag": 3,
      "change_message": ""
   }
},
{
   "model": "admin.logentry",
   "pk": 55,
   "fields": {
      "action_time": "2019-07-08T17:10:25.864Z",
      "user": 1,
      "content_type": 14,
      "object_id": "9",
      "object_repr": "Product 9 Natura CHIA bar 2019-07-07 10:13:33.530906+00:00",
      "action_flag": 3,
      "change_message": ""
   }
},
{
   "model": "admin.logentry",
   "pk": 56,
   "fields": {
      "action_time": "2019-07-08T17:10:25.959Z",
      "user": 1,
      "content_type": 14,
      "object_id": "8",
      "object_repr": "Product 8 Natura CHIA bar 2019-07-07 10:11:27.526023+00:00",
      "action_flag": 3,
      "change_message": ""
   }
},
{
   "model": "admin.logentry",
   "pk": 57,
   "fields": {
      "action_time": "2019-07-08T17:10:26.067Z",
      "user": 1,
      "content_type": 14,
      "object_id": "7",
      "object_repr": "Product 7 Liberte Kefir 2019-07-07 10:10:46.132468+00:00",
      "action_flag": 3,
      "change_message": ""
   }
},
{
   "model": "admin.logentry",
   "pk": 58,
   "fields": {
      "action_time": "2019-07-08T17:10:26.180Z",
      "user": 1,
      "content_type": 14,
      "object_id": "5",
      "object_repr": "Product 5 Dried Fruit 2019-07-06 17:30:55.480468+00:00",
      "action_flag": 3,
      "change_message": ""
   }
},
{
   "model": "admin.logentry",
   "pk": 59,
   "fields": {
      "action_time": "2019-07-08T17:10:59.687Z",
      "user": 1,
      "content_type": 8,
      "object_id": "4",
      "object_repr": "Order 4 test_user 1. New Order",
      "action_flag": 3,
      "change_message": ""
   }
},
{
   "model": "admin.logentry",
   "pk": 60,
   "fields": {
      "action_time": "2019-07-08T17:11:07.343Z",
      "user": 1,
      "content_type": 8,
      "object_id": "5",
      "object_repr": "Order 5 test_user 1. New Order",
      "action_flag": 3,
      "change_message": ""
   }
},
{
   "model": "admin.logentry",
   "pk": 61,
   "fields": {
      "action_time": "2019-07-08T17:11:38.999Z",
      "user": 1,
      "content_type": 8,
      "object_id": "6",
      "object_repr": "Order 6 test_user 1. New Order",
      "action_flag": 3,
      "change_message": ""
   }
},
{
   "model": "admin.logentry",
   "pk": 62,
   "fields": {
      "action_time": "2019-07-08T17:27:16.767Z",
      "user": 1,
      "content_type": 8,
      "object_id": "6",
      "object_repr": "Order 6 test_user 1. New Order",
      "action_flag": 3,
      "change_message": ""
   }
},
{
   "model": "admin.logentry",
   "pk": 63,
   "fields": {
      "action_time": "2019-07-08T17:27:24.686Z",
      "user": 1,
      "content_type": 8,
      "object_id": "7",
      "object_repr": "Order 7 test_user2 1. New Order",
      "action_flag": 3,
      "change_message": ""
   }
},
{
   "model": "admin.logentry",
   "pk": 64,
   "fields": {
      "action_time": "2019-07-08T17:27:43.393Z",
      "user": 1,
      "content_type": 8,
      "object_id": "8",
      "object_repr": "Order 8 test_user2 1. New Order",
      "action_flag": 3,
      "change_message": ""
   }
},
{
   "model": "admin.logentry",
   "pk": 65,
   "fields": {
      "action_time": "2019-07-08T17:27:53.786Z",
      "user": 1,
      "content_type": 8,
      "object_id": "9",
      "object_repr": "Order 9 test_user2 1. New Order",
      "action_flag": 3,
      "change_message": ""
   }
},
{
   "model": "admin.logentry",
   "pk": 66,
   "fields": {
      "action_time": "2019-07-08T18:07:48.704Z",
      "user": 1,
      "content_type": 4,
      "object_id": "7",
      "object_repr": "++2093683717",
      "action_flag": 3,
      "change_message": ""
   }
},
{
   "model": "admin.logentry",
   "pk": 67,
   "fields": {
      "action_time": "2019-07-08T18:07:48.795Z",
      "user": 1,
      "content_type": 4,
      "object_id": "6",
      "object_repr": "+2093683717",
      "action_flag": 3,
      "change_message": ""
   }
},
{
   "model": "admin.logentry",
   "pk": 68,
   "fields": {
      "action_time": "2019-07-08T18:07:48.884Z",
      "user": 1,
      "content_type": 4,
      "object_id": "5",
      "object_repr": "+45454545",
      "action_flag": 3,
      "change_message": ""
   }
},
{
   "model": "admin.logentry",
   "pk": 69,
   "fields": {
      "action_time": "2019-07-08T18:07:49.002Z",
      "user": 1,
      "content_type": 4,
      "object_id": "2",
      "object_repr": "2093683717",
      "action_flag": 3,
      "change_message": ""
   }
},
{
   "model": "admin.logentry",
   "pk": 70,
   "fields": {
      "action_time": "2019-07-08T18:07:49.192Z",
      "user": 1,
      "content_type": 4,
      "object_id": "4",
      "object_repr": "45454545",
      "action_flag": 3,
      "change_message": ""
   }
},
{
   "model": "admin.logentry",
   "pk": 71,
   "fields": {
      "action_time": "2019-07-08T18:07:49.361Z",
      "user": 1,
      "content_type": 4,
      "object_id": "8",
      "object_repr": "90909090",
      "action_flag": 3,
      "change_message": ""
   }
},
{
   "model": "admin.logentry",
   "pk": 72,
   "fields": {
      "action_time": "2019-07-08T18:07:49.489Z",
      "user": 1,
      "content_type": 4,
      "object_id": "9",
      "object_repr": "test1",
      "action_flag": 3,
      "change_message": ""
   }
},
{
   "model": "admin.logentry",
   "pk": 73,
   "fields": {
      "action_time": "2019-07-08T18:07:49.594Z",
      "user": 1,
      "content_type": 4,
      "object_id": "3",
      "object_repr": "test_user",
      "action_flag": 3,
      "change_message": ""
   }
},
{
   "model": "admin.logentry",
   "pk": 74,
   "fields": {
      "action_time": "2019-07-08T18:08:31.445Z",
      "user": 1,
      "content_type": 4,
      "object_id": "6",
      "object_repr": "+2093683717",
      "action_flag": 3,
      "change_message": ""
   }
},
{
   "model": "admin.logentry",
   "pk": 75,
   "fields": {
      "action_time": "2019-07-08T18:08:31.533Z",
      "user": 1,
      "content_type": 4,
      "object_id": "5",
      "object_repr": "+45454545",
      "action_flag": 3,
      "change_message": ""
   }
},
{
   "model": "admin.logentry",
   "pk": 76,
   "fields": {
      "action_time": "2019-07-08T18:08:31.640Z",
      "user": 1,
      "content_type": 4,
      "object_id": "2",
      "object_repr": "2093683717",
      "action_flag": 3,
      "change_message": ""
   }
},
{
   "model": "admin.logentry",
   "pk": 77,
   "fields": {
      "action_time": "2019-07-08T18:08:31.726Z",
      "user": 1,
      "content_type": 4,
      "object_id": "4",
      "object_repr": "45454545",
      "action_flag": 3,
      "change_message": ""
   }
},
{
   "model": "admin.logentry",
   "pk": 78,
   "fields": {
      "action_time": "2019-07-08T18:08:31.823Z",
      "user": 1,
      "content_type": 4,
      "object_id": "8",
      "object_repr": "90909090",
      "action_flag": 3,
      "change_message": ""
   }
},
{
   "model": "admin.logentry",
   "pk": 79,
   "fields": {
      "action_time": "2019-07-08T18:08:31.911Z",
      "user": 1,
      "content_type": 4,
      "object_id": "9",
      "object_repr": "test1",
      "action_flag": 3,
      "change_message": ""
   }
},
{
   "model": "admin.logentry",
   "pk": 80,
   "fields": {
      "action_time": "2019-07-08T18:08:32.018Z",
      "user": 1,
      "content_type": 4,
      "object_id": "3",
      "object_repr": "test_user",
      "action_flag": 3,
      "change_message": ""
   }
},
{
   "model": "admin.logentry",
   "pk": 81,
   "fields": {
      "action_time": "2019-07-08T18:09:31.118Z",
      "user": 1,
      "content_type": 4,
      "object_id": "7",
      "object_repr": "++2093683717",
      "action_flag": 3,
      "change_message": ""
   }
},
{
   "model": "admin.logentry",
   "pk": 82,
   "fields": {
      "action_time": "2019-07-08T18:09:31.214Z",
      "user": 1,
      "content_type": 4,
      "object_id": "6",
      "object_repr": "+2093683717",
      "action_flag": 3,
      "change_message": ""
   }
},
{
   "model": "admin.logentry",
   "pk": 83,
   "fields": {
      "action_time": "2019-07-08T18:09:31.298Z",
      "user": 1,
      "content_type": 4,
      "object_id": "5",
      "object_repr": "+45454545",
      "action_flag": 3,
      "change_message": ""
   }
},
{
   "model": "admin.logentry",
   "pk": 84,
   "fields": {
      "action_time": "2019-07-08T18:09:31.398Z",
      "user": 1,
      "content_type": 4,
      "object_id": "2",
      "object_repr": "2093683717",
      "action_flag": 3,
      "change_message": ""
   }
},
{
   "model": "admin.logentry",
   "pk": 85,
   "fields": {
      "action_time": "2019-07-08T18:09:31.495Z",
      "user": 1,
      "content_type": 4,
      "object_id": "4",
      "object_repr": "45454545",
      "action_flag": 3,
      "change_message": ""
   }
},
{
   "model": "admin.logentry",
   "pk": 86,
   "fields": {
      "action_time": "2019-07-08T18:09:31.595Z",
      "user": 1,
      "content_type": 4,
      "object_id": "8",
      "object_repr": "90909090",
      "action_flag": 3,
      "change_message": ""
   }
},
{
   "model": "admin.logentry",
   "pk": 87,
   "fields": {
      "action_time": "2019-07-08T18:09:31.695Z",
      "user": 1,
      "content_type": 4,
      "object_id": "3",
      "object_repr": "test_user",
      "action_flag": 3,
      "change_message": ""
   }
},
{
   "model": "admin.logentry",
   "pk": 88,
   "fields": {
      "action_time": "2019-07-08T18:10:58.339Z",
      "user": 1,
      "content_type": 4,
      "object_id": "3",
      "object_repr": "test_user",
      "action_flag": 3,
      "change_message": ""
   }
},
{
   "model": "admin.logentry",
   "pk": 89,
   "fields": {
      "action_time": "2019-07-08T18:11:09.323Z",
      "user": 1,
      "content_type": 4,
      "object_id": "8",
      "object_repr": "90909090",
      "action_flag": 3,
      "change_message": ""
   }
},
{
   "model": "admin.logentry",
   "pk": 90,
   "fields": {
      "action_time": "2019-07-08T18:11:26.087Z",
      "user": 1,
      "content_type": 4,
      "object_id": "4",
      "object_repr": "45454545",
      "action_flag": 3,
      "change_message": ""
   }
},
{
   "model": "admin.logentry",
   "pk": 91,
   "fields": {
      "action_time": "2019-07-08T18:11:34.740Z",
      "user": 1,
      "content_type": 4,
      "object_id": "2",
      "object_repr": "2093683717",
      "action_flag": 3,
      "change_message": ""
   }
},
{
   "model": "admin.logentry",
   "pk": 92,
   "fields": {
      "action_time": "2019-07-08T18:11:45.850Z",
      "user": 1,
      "content_type": 4,
      "object_id": "7",
      "object_repr": "++2093683717",
      "action_flag": 3,
      "change_message": ""
   }
},
{
   "model": "admin.logentry",
   "pk": 93,
   "fields": {
      "action_time": "2019-07-08T18:11:45.959Z",
      "user": 1,
      "content_type": 4,
      "object_id": "6",
      "object_repr": "+2093683717",
      "action_flag": 3,
      "change_message": ""
   }
},
{
   "model": "admin.logentry",
   "pk": 94,
   "fields": {
      "action_time": "2019-07-08T18:11:46.083Z",
      "user": 1,
      "content_type": 4,
      "object_id": "5",
      "object_repr": "+45454545",
      "action_flag": 3,
      "change_message": ""
   }
},
{
   "model": "admin.logentry",
   "pk": 95,
   "fields": {
      "action_time": "2019-07-08T20:11:52.659Z",
      "user": 1,
      "content_type": 8,
      "object_id": "20",
      "object_repr": "Order 20 test_user 1. New Order",
      "action_flag": 3,
      "change_message": ""
   }
},
{
   "model": "admin.logentry",
   "pk": 96,
   "fields": {
      "action_time": "2019-07-08T20:11:52.766Z",
      "user": 1,
      "content_type": 8,
      "object_id": "19",
      "object_repr": "Order 19 test_user 1. New Order",
      "action_flag": 3,
      "change_message": ""
   }
},
{
   "model": "admin.logentry",
   "pk": 97,
   "fields": {
      "action_time": "2019-07-08T20:11:52.874Z",
      "user": 1,
      "content_type": 8,
      "object_id": "18",
      "object_repr": "Order 18 test_user 1. New Order",
      "action_flag": 3,
      "change_message": ""
   }
},
{
   "model": "admin.logentry",
   "pk": 98,
   "fields": {
      "action_time": "2019-07-08T20:11:53.000Z",
      "user": 1,
      "content_type": 8,
      "object_id": "17",
      "object_repr": "Order 17 test_user 1. New Order",
      "action_flag": 3,
      "change_message": ""
   }
},
{
   "model": "admin.logentry",
   "pk": 99,
   "fields": {
      "action_time": "2019-07-08T20:11:53.182Z",
      "user": 1,
      "content_type": 8,
      "object_id": "16",
      "object_repr": "Order 16 test1 1. New Order",
      "action_flag": 3,
      "change_message": ""
   }
},
{
   "model": "admin.logentry",
   "pk": 100,
   "fields": {
      "action_time": "2019-07-08T20:11:53.291Z",
      "user": 1,
      "content_type": 8,
      "object_id": "15",
      "object_repr": "Order 15 test1 1. New Order",
      "action_flag": 3,
      "change_message": ""
   }
},
{
   "model": "admin.logentry",
   "pk": 101,
   "fields": {
      "action_time": "2019-07-08T20:11:53.392Z",
      "user": 1,
      "content_type": 8,
      "object_id": "14",
      "object_repr": "Order 14 test1 1. New Order",
      "action_flag": 3,
      "change_message": ""
   }
},
{
   "model": "admin.logentry",
   "pk": 102,
   "fields": {
      "action_time": "2019-07-08T20:11:53.495Z",
      "user": 1,
      "content_type": 8,
      "object_id": "13",
      "object_repr": "Order 13 test1 1. New Order",
      "action_flag": 3,
      "change_message": ""
   }
},
{
   "model": "admin.logentry",
   "pk": 103,
   "fields": {
      "action_time": "2019-07-08T20:11:53.600Z",
      "user": 1,
      "content_type": 8,
      "object_id": "12",
      "object_repr": "Order 12 test1 1. New Order",
      "action_flag": 3,
      "change_message": ""
   }
},
{
   "model": "admin.logentry",
   "pk": 104,
   "fields": {
      "action_time": "2019-07-08T20:11:53.687Z",
      "user": 1,
      "content_type": 8,
      "object_id": "11",
      "object_repr": "Order 11 test1 1. New Order",
      "action_flag": 3,
      "change_message": ""
   }
},
{
   "model": "admin.logentry",
   "pk": 105,
   "fields": {
      "action_time": "2019-07-08T20:11:53.766Z",
      "user": 1,
      "content_type": 8,
      "object_id": "10",
      "object_repr": "Order 10 test_user2 1. New Order",
      "action_flag": 3,
      "change_message": ""
   }
},
{
   "model": "admin.logentry",
   "pk": 106,
   "fields": {
      "action_time": "2019-07-08T20:11:53.867Z",
      "user": 1,
      "content_type": 8,
      "object_id": "9",
      "object_repr": "Order 9 test_user2 1. New Order",
      "action_flag": 3,
      "change_message": ""
   }
},
{
   "model": "admin.logentry",
   "pk": 107,
   "fields": {
      "action_time": "2019-07-08T20:13:54.462Z",
      "user": 1,
      "content_type": 14,
      "object_id": "24",
      "object_repr": "Product 24 Natura CHIA bar 2019-07-08 17:54:01.948226+00:00",
      "action_flag": 3,
      "change_message": ""
   }
},
{
   "model": "admin.logentry",
   "pk": 108,
   "fields": {
      "action_time": "2019-07-08T20:13:54.564Z",
      "user": 1,
      "content_type": 14,
      "object_id": "23",
      "object_repr": "Product 23 Dried Fruit 2019-07-08 17:54:01.748031+00:00",
      "action_flag": 3,
      "change_message": ""
   }
},
{
   "model": "admin.logentry",
   "pk": 109,
   "fields": {
      "action_time": "2019-07-08T20:13:54.694Z",
      "user": 1,
      "content_type": 14,
      "object_id": "22",
      "object_repr": "Product 22 Natura CHIA bar 2019-07-08 17:47:05.437484+00:00",
      "action_flag": 3,
      "change_message": ""
   }
},
{
   "model": "admin.logentry",
   "pk": 110,
   "fields": {
      "action_time": "2019-07-08T20:13:54.851Z",
      "user": 1,
      "content_type": 14,
      "object_id": "21",
      "object_repr": "Product 21 Dried Fruit 2019-07-08 17:47:05.157210+00:00",
      "action_flag": 3,
      "change_message": ""
   }
},
{
   "model": "admin.logentry",
   "pk": 111,
   "fields": {
      "action_time": "2019-07-08T20:13:54.960Z",
      "user": 1,
      "content_type": 14,
      "object_id": "20",
      "object_repr": "Product 20 Natura CHIA bar 2019-07-08 17:38:50.711898+00:00",
      "action_flag": 3,
      "change_message": ""
   }
},
{
   "model": "admin.logentry",
   "pk": 112,
   "fields": {
      "action_time": "2019-07-08T20:13:55.084Z",
      "user": 1,
      "content_type": 14,
      "object_id": "19",
      "object_repr": "Product 19 Dried Fruit 2019-07-08 17:38:50.490218+00:00",
      "action_flag": 3,
      "change_message": ""
   }
},
{
   "model": "admin.logentry",
   "pk": 113,
   "fields": {
      "action_time": "2019-07-08T20:13:55.197Z",
      "user": 1,
      "content_type": 14,
      "object_id": "18",
      "object_repr": "Product 18 Natura CHIA bar 2019-07-08 17:35:10.598617+00:00",
      "action_flag": 3,
      "change_message": ""
   }
},
{
   "model": "admin.logentry",
   "pk": 114,
   "fields": {
      "action_time": "2019-07-08T20:13:55.306Z",
      "user": 1,
      "content_type": 14,
      "object_id": "17",
      "object_repr": "Product 17 Dried Fruit 2019-07-08 17:35:10.223617+00:00",
      "action_flag": 3,
      "change_message": ""
   }
},
{
   "model": "admin.logentry",
   "pk": 115,
   "fields": {
      "action_time": "2019-07-08T20:13:55.402Z",
      "user": 1,
      "content_type": 14,
      "object_id": "16",
      "object_repr": "Product 16 Natura CHIA bar 2019-07-08 17:32:13.573226+00:00",
      "action_flag": 3,
      "change_message": ""
   }
},
{
   "model": "admin.logentry",
   "pk": 116,
   "fields": {
      "action_time": "2019-07-08T20:13:55.485Z",
      "user": 1,
      "content_type": 14,
      "object_id": "15",
      "object_repr": "Product 15 Dried Fruit 2019-07-08 17:32:13.343734+00:00",
      "action_flag": 3,
      "change_message": ""
   }
},
{
   "model": "admin.logentry",
   "pk": 117,
   "fields": {
      "action_time": "2019-07-08T20:13:55.582Z",
      "user": 1,
      "content_type": 14,
      "object_id": "14",
      "object_repr": "Product 14 Natura CHIA bar 2019-07-08 17:31:53.140609+00:00",
      "action_flag": 3,
      "change_message": ""
   }
},
{
   "model": "admin.logentry",
   "pk": 118,
   "fields": {
      "action_time": "2019-07-08T20:13:55.660Z",
      "user": 1,
      "content_type": 14,
      "object_id": "13",
      "object_repr": "Product 13 Dried Fruit 2019-07-08 17:31:52.860335+00:00",
      "action_flag": 3,
      "change_message": ""
   }
},
{
   "model": "admin.logentry",
   "pk": 119,
   "fields": {
      "action_time": "2019-07-08T20:13:55.751Z",
      "user": 1,
      "content_type": 14,
      "object_id": "12",
      "object_repr": "Product 12 Natura CHIA bar 2019-07-08 17:25:51.254867+00:00",
      "action_flag": 3,
      "change_message": ""
   }
},
{
   "model": "admin.logentry",
   "pk": 120,
   "fields": {
      "action_time": "2019-07-08T20:13:55.834Z",
      "user": 1,
      "content_type": 14,
      "object_id": "11",
      "object_repr": "Product 11 Dried Fruit 2019-07-08 17:25:51.026351+00:00",
      "action_flag": 3,
      "change_message": ""
   }
},
{
   "model": "admin.logentry",
   "pk": 121,
   "fields": {
      "action_time": "2019-07-08T20:14:12.236Z",
      "user": 1,
      "content_type": 14,
      "object_id": "10",
      "object_repr": "Product 10 Natura CHIA bar 2019-07-07 10:36:04.936179+00:00",
      "action_flag": 3,
      "change_message": ""
   }
},
{
   "model": "admin.logentry",
   "pk": 122,
   "fields": {
      "action_time": "2019-07-08T20:14:12.341Z",
      "user": 1,
      "content_type": 14,
      "object_id": "6",
      "object_repr": "Product 6 Dried Fruit 2019-07-07 10:10:22.950828+00:00",
      "action_flag": 3,
      "change_message": ""
   }
},
{
   "model": "admin.logentry",
   "pk": 123,
   "fields": {
      "action_time": "2019-07-08T20:21:59.416Z",
      "user": 1,
      "content_type": 10,
      "object_id": "9",
      "object_repr": "Product 9 Liberte Kefir 2019-07-08 20:20:17.400375+00:00",
      "action_flag": 3,
      "change_message": ""
   }
},
{
   "model": "admin.logentry",
   "pk": 124,
   "fields": {
      "action_time": "2019-07-08T20:21:59.524Z",
      "user": 1,
      "content_type": 10,
      "object_id": "8",
      "object_repr": "Product 8 Yoghurt Frutti 2019-07-08 20:20:17.101546+00:00",
      "action_flag": 3,
      "change_message": ""
   }
},
{
   "model": "admin.logentry",
   "pk": 125,
   "fields": {
      "action_time": "2019-07-08T20:21:59.633Z",
      "user": 1,
      "content_type": 10,
      "object_id": "7",
      "object_repr": "Product 7 Natura CHIA bar 2019-07-08 19:52:46.245101+00:00",
      "action_flag": 3,
      "change_message": ""
   }
},
{
   "model": "admin.logentry",
   "pk": 126,
   "fields": {
      "action_time": "2019-07-08T20:21:59.737Z",
      "user": 1,
      "content_type": 10,
      "object_id": "6",
      "object_repr": "Product 6 Dried Fruit 2019-07-08 19:52:45.916976+00:00",
      "action_flag": 3,
      "change_message": ""
   }
},
{
   "model": "admin.logentry",
   "pk": 127,
   "fields": {
      "action_time": "2019-07-08T20:21:59.852Z",
      "user": 1,
      "content_type": 10,
      "object_id": "5",
      "object_repr": "Product 5 Natura CHIA bar 2019-07-08 19:52:40.334945+00:00",
      "action_flag": 3,
      "change_message": ""
   }
},
{
   "model": "admin.logentry",
   "pk": 128,
   "fields": {
      "action_time": "2019-07-08T20:21:59.949Z",
      "user": 1,
      "content_type": 10,
      "object_id": "4",
      "object_repr": "Product 4 Dried Fruit 2019-07-08 19:52:39.809554+00:00",
      "action_flag": 3,
      "change_message": ""
   }
},
{
   "model": "admin.logentry",
   "pk": 129,
   "fields": {
      "action_time": "2019-07-08T20:22:00.074Z",
      "user": 1,
      "content_type": 10,
      "object_id": "3",
      "object_repr": "Product 3 Dried Fruit 2019-07-08 19:51:59.049789+00:00",
      "action_flag": 3,
      "change_message": ""
   }
},
{
   "model": "admin.logentry",
   "pk": 130,
   "fields": {
      "action_time": "2019-07-08T20:22:00.175Z",
      "user": 1,
      "content_type": 10,
      "object_id": "2",
      "object_repr": "Product 2 Dried Fruit 2019-07-08 19:50:47.303695+00:00",
      "action_flag": 3,
      "change_message": ""
   }
},
{
   "model": "admin.logentry",
   "pk": 131,
   "fields": {
      "action_time": "2019-07-08T20:35:32.646Z",
      "user": 1,
      "content_type": 14,
      "object_id": "27",
      "object_repr": "Product 27 Natura CHIA bar 2019-07-08 20:30:57.010726+00:00",
      "action_flag": 2,
      "change_message": "[{\"changed\": {\"fields\": [\"is_active\"]}}]"
   }
},
{
   "model": "admin.logentry",
   "pk": 132,
   "fields": {
      "action_time": "2019-07-08T20:36:06.334Z",
      "user": 1,
      "content_type": 4,
      "object_id": "7",
      "object_repr": "++2093683717",
      "action_flag": 3,
      "change_message": ""
   }
},
{
   "model": "admin.logentry",
   "pk": 133,
   "fields": {
      "action_time": "2019-07-08T20:36:06.440Z",
      "user": 1,
      "content_type": 4,
      "object_id": "6",
      "object_repr": "+2093683717",
      "action_flag": 3,
      "change_message": ""
   }
},
{
   "model": "admin.logentry",
   "pk": 134,
   "fields": {
      "action_time": "2019-07-08T20:36:06.515Z",
      "user": 1,
      "content_type": 4,
      "object_id": "5",
      "object_repr": "+45454545",
      "action_flag": 3,
      "change_message": ""
   }
},
{
   "model": "admin.logentry",
   "pk": 135,
   "fields": {
      "action_time": "2019-07-08T20:38:31.271Z",
      "user": 1,
      "content_type": 8,
      "object_id": "24",
      "object_repr": "Order 24 meme 1. New Order",
      "action_flag": 3,
      "change_message": ""
   }
},
{
   "model": "admin.logentry",
   "pk": 136,
   "fields": {
      "action_time": "2019-07-08T20:38:31.368Z",
      "user": 1,
      "content_type": 8,
      "object_id": "23",
      "object_repr": "Order 23 meme 1. New Order",
      "action_flag": 3,
      "change_message": ""
   }
},
{
   "model": "admin.logentry",
   "pk": 137,
   "fields": {
      "action_time": "2019-07-08T20:38:31.457Z",
      "user": 1,
      "content_type": 8,
      "object_id": "22",
      "object_repr": "Order 22 rrr 1. New Order",
      "action_flag": 3,
      "change_message": ""
   }
},
{
   "model": "admin.logentry",
   "pk": 138,
   "fields": {
      "action_time": "2019-07-08T20:38:31.553Z",
      "user": 1,
      "content_type": 8,
      "object_id": "21",
      "object_repr": "Order 21 rrr 1. New Order",
      "action_flag": 3,
      "change_message": ""
   }
},
{
   "model": "admin.logentry",
   "pk": 139,
   "fields": {
      "action_time": "2019-07-08T20:38:31.644Z",
      "user": 1,
      "content_type": 8,
      "object_id": "20",
      "object_repr": "Order 20 test_user 1. New Order",
      "action_flag": 3,
      "change_message": ""
   }
},
{
   "model": "admin.logentry",
   "pk": 140,
   "fields": {
      "action_time": "2019-07-08T20:38:31.737Z",
      "user": 1,
      "content_type": 8,
      "object_id": "19",
      "object_repr": "Order 19 test_user 1. New Order",
      "action_flag": 3,
      "change_message": ""
   }
},
{
   "model": "admin.logentry",
   "pk": 141,
   "fields": {
      "action_time": "2019-07-08T20:38:31.828Z",
      "user": 1,
      "content_type": 8,
      "object_id": "18",
      "object_repr": "Order 18 test_user 1. New Order",
      "action_flag": 3,
      "change_message": ""
   }
},
{
   "model": "admin.logentry",
   "pk": 142,
   "fields": {
      "action_time": "2019-07-08T20:38:31.920Z",
      "user": 1,
      "content_type": 8,
      "object_id": "17",
      "object_repr": "Order 17 test_user 1. New Order",
      "action_flag": 3,
      "change_message": ""
   }
},
{
   "model": "admin.logentry",
   "pk": 143,
   "fields": {
      "action_time": "2019-07-08T20:38:32.017Z",
      "user": 1,
      "content_type": 8,
      "object_id": "16",
      "object_repr": "Order 16 test1 1. New Order",
      "action_flag": 3,
      "change_message": ""
   }
},
{
   "model": "admin.logentry",
   "pk": 144,
   "fields": {
      "action_time": "2019-07-08T20:38:32.166Z",
      "user": 1,
      "content_type": 8,
      "object_id": "15",
      "object_repr": "Order 15 test1 1. New Order",
      "action_flag": 3,
      "change_message": ""
   }
},
{
   "model": "admin.logentry",
   "pk": 145,
   "fields": {
      "action_time": "2019-07-08T20:38:32.249Z",
      "user": 1,
      "content_type": 8,
      "object_id": "14",
      "object_repr": "Order 14 test1 1. New Order",
      "action_flag": 3,
      "change_message": ""
   }
},
{
   "model": "admin.logentry",
   "pk": 146,
   "fields": {
      "action_time": "2019-07-08T20:38:32.336Z",
      "user": 1,
      "content_type": 8,
      "object_id": "13",
      "object_repr": "Order 13 test1 1. New Order",
      "action_flag": 3,
      "change_message": ""
   }
},
{
   "model": "admin.logentry",
   "pk": 147,
   "fields": {
      "action_time": "2019-07-08T20:38:32.507Z",
      "user": 1,
      "content_type": 8,
      "object_id": "12",
      "object_repr": "Order 12 test1 1. New Order",
      "action_flag": 3,
      "change_message": ""
   }
},
{
   "model": "admin.logentry",
   "pk": 148,
   "fields": {
      "action_time": "2019-07-08T20:38:32.591Z",
      "user": 1,
      "content_type": 8,
      "object_id": "11",
      "object_repr": "Order 11 test1 1. New Order",
      "action_flag": 3,
      "change_message": ""
   }
},
{
   "model": "admin.logentry",
   "pk": 149,
   "fields": {
      "action_time": "2019-07-08T20:38:32.682Z",
      "user": 1,
      "content_type": 8,
      "object_id": "10",
      "object_repr": "Order 10 test_user2 1. New Order",
      "action_flag": 3,
      "change_message": ""
   }
},
{
   "model": "admin.logentry",
   "pk": 150,
   "fields": {
      "action_time": "2019-07-08T20:38:32.789Z",
      "user": 1,
      "content_type": 8,
      "object_id": "9",
      "object_repr": "Order 9 test_user2 1. New Order",
      "action_flag": 3,
      "change_message": ""
   }
},
{
   "model": "admin.logentry",
   "pk": 151,
   "fields": {
      "action_time": "2019-07-09T15:52:23.615Z",
      "user": 1,
      "content_type": 8,
      "object_id": "24",
      "object_repr": "Order 24 meme 1. New Order",
      "action_flag": 3,
      "change_message": ""
   }
},
{
   "model": "admin.logentry",
   "pk": 152,
   "fields": {
      "action_time": "2019-07-09T15:52:23.836Z",
      "user": 1,
      "content_type": 8,
      "object_id": "23",
      "object_repr": "Order 23 meme 1. New Order",
      "action_flag": 3,
      "change_message": ""
   }
},
{
   "model": "admin.logentry",
   "pk": 153,
   "fields": {
      "action_time": "2019-07-09T15:52:24.087Z",
      "user": 1,
      "content_type": 8,
      "object_id": "22",
      "object_repr": "Order 22 rrr 1. New Order",
      "action_flag": 3,
      "change_message": ""
   }
},
{
   "model": "admin.logentry",
   "pk": 154,
   "fields": {
      "action_time": "2019-07-09T15:52:24.280Z",
      "user": 1,
      "content_type": 8,
      "object_id": "21",
      "object_repr": "Order 21 rrr 1. New Order",
      "action_flag": 3,
      "change_message": ""
   }
},
{
   "model": "admin.logentry",
   "pk": 155,
   "fields": {
      "action_time": "2019-07-09T15:52:24.506Z",
      "user": 1,
      "content_type": 8,
      "object_id": "20",
      "object_repr": "Order 20 test_user 1. New Order",
      "action_flag": 3,
      "change_message": ""
   }
},
{
   "model": "admin.logentry",
   "pk": 156,
   "fields": {
      "action_time": "2019-07-09T15:52:24.607Z",
      "user": 1,
      "content_type": 8,
      "object_id": "19",
      "object_repr": "Order 19 test_user 1. New Order",
      "action_flag": 3,
      "change_message": ""
   }
},
{
   "model": "admin.logentry",
   "pk": 157,
   "fields": {
      "action_time": "2019-07-09T15:52:24.682Z",
      "user": 1,
      "content_type": 8,
      "object_id": "18",
      "object_repr": "Order 18 test_user 1. New Order",
      "action_flag": 3,
      "change_message": ""
   }
},
{
   "model": "admin.logentry",
   "pk": 158,
   "fields": {
      "action_time": "2019-07-09T15:52:24.769Z",
      "user": 1,
      "content_type": 8,
      "object_id": "17",
      "object_repr": "Order 17 test_user 1. New Order",
      "action_flag": 3,
      "change_message": ""
   }
},
{
   "model": "admin.logentry",
   "pk": 159,
   "fields": {
      "action_time": "2019-07-09T15:52:24.850Z",
      "user": 1,
      "content_type": 8,
      "object_id": "16",
      "object_repr": "Order 16 test1 1. New Order",
      "action_flag": 3,
      "change_message": ""
   }
},
{
   "model": "admin.logentry",
   "pk": 160,
   "fields": {
      "action_time": "2019-07-09T15:52:24.938Z",
      "user": 1,
      "content_type": 8,
      "object_id": "15",
      "object_repr": "Order 15 test1 1. New Order",
      "action_flag": 3,
      "change_message": ""
   }
},
{
   "model": "admin.logentry",
   "pk": 161,
   "fields": {
      "action_time": "2019-07-09T15:52:25.041Z",
      "user": 1,
      "content_type": 8,
      "object_id": "14",
      "object_repr": "Order 14 test1 1. New Order",
      "action_flag": 3,
      "change_message": ""
   }
},
{
   "model": "admin.logentry",
   "pk": 162,
   "fields": {
      "action_time": "2019-07-09T15:52:25.115Z",
      "user": 1,
      "content_type": 8,
      "object_id": "13",
      "object_repr": "Order 13 test1 1. New Order",
      "action_flag": 3,
      "change_message": ""
   }
},
{
   "model": "admin.logentry",
   "pk": 163,
   "fields": {
      "action_time": "2019-07-09T15:52:25.236Z",
      "user": 1,
      "content_type": 8,
      "object_id": "12",
      "object_repr": "Order 12 test1 1. New Order",
      "action_flag": 3,
      "change_message": ""
   }
},
{
   "model": "admin.logentry",
   "pk": 164,
   "fields": {
      "action_time": "2019-07-09T15:52:25.328Z",
      "user": 1,
      "content_type": 8,
      "object_id": "11",
      "object_repr": "Order 11 test1 1. New Order",
      "action_flag": 3,
      "change_message": ""
   }
},
{
   "model": "admin.logentry",
   "pk": 165,
   "fields": {
      "action_time": "2019-07-09T15:52:25.428Z",
      "user": 1,
      "content_type": 8,
      "object_id": "10",
      "object_repr": "Order 10 test_user2 1. New Order",
      "action_flag": 3,
      "change_message": ""
   }
},
{
   "model": "admin.logentry",
   "pk": 166,
   "fields": {
      "action_time": "2019-07-09T15:52:25.512Z",
      "user": 1,
      "content_type": 8,
      "object_id": "9",
      "object_repr": "Order 9 test_user2 1. New Order",
      "action_flag": 3,
      "change_message": ""
   }
},
{
   "model": "admin.logentry",
   "pk": 167,
   "fields": {
      "action_time": "2019-07-09T15:53:35.134Z",
      "user": 1,
      "content_type": 13,
      "object_id": "3",
      "object_repr": "Vegetables",
      "action_flag": 1,
      "change_message": "[{\"added\": {}}]"
   }
},
{
   "model": "admin.logentry",
   "pk": 168,
   "fields": {
      "action_time": "2019-07-09T15:53:42.181Z",
      "user": 1,
      "content_type": 13,
      "object_id": "4",
      "object_repr": "None",
      "action_flag": 1,
      "change_message": "[{\"added\": {}}]"
   }
},
{
   "model": "admin.logentry",
   "pk": 169,
   "fields": {
      "action_time": "2019-07-09T15:54:08.158Z",
      "user": 1,
      "content_type": 13,
      "object_id": "4",
      "object_repr": "Fruits",
      "action_flag": 2,
      "change_message": "[{\"changed\": {\"fields\": [\"name\"]}}]"
   }
},
{
   "model": "admin.logentry",
   "pk": 170,
   "fields": {
      "action_time": "2019-07-09T15:54:18.543Z",
      "user": 1,
      "content_type": 13,
      "object_id": "5",
      "object_repr": "Juices",
      "action_flag": 1,
      "change_message": "[{\"added\": {}}]"
   }
},
{
   "model": "admin.logentry",
   "pk": 171,
   "fields": {
      "action_time": "2019-07-09T15:54:29.778Z",
      "user": 1,
      "content_type": 13,
      "object_id": "6",
      "object_repr": "Snacks",
      "action_flag": 1,
      "change_message": "[{\"added\": {}}]"
   }
},
{
   "model": "admin.logentry",
   "pk": 172,
   "fields": {
      "action_time": "2019-07-09T15:54:41.495Z",
      "user": 1,
      "content_type": 13,
      "object_id": "7",
      "object_repr": "Milk Poducts",
      "action_flag": 1,
      "change_message": "[{\"added\": {}}]"
   }
},
{
   "model": "admin.logentry",
   "pk": 173,
   "fields": {
      "action_time": "2019-07-09T16:49:43.254Z",
      "user": 1,
      "content_type": 11,
      "object_id": "5",
      "object_repr": "2.7, Organic Turkish Apricots",
      "action_flag": 1,
      "change_message": "[{\"added\": {}}, {\"added\": {\"name\": \"Image\", \"object\": \"Image 5\"}}]"
   }
},
{
   "model": "admin.logentry",
   "pk": 174,
   "fields": {
      "action_time": "2019-07-09T16:55:57.208Z",
      "user": 1,
      "content_type": 11,
      "object_id": "6",
      "object_repr": "1.6625, Frisp mango crisps",
      "action_flag": 1,
      "change_message": "[{\"added\": {}}, {\"added\": {\"name\": \"Image\", \"object\": \"Image 6\"}}]"
   }
},
{
   "model": "admin.logentry",
   "pk": 175,
   "fields": {
      "action_time": "2019-07-09T17:01:21.497Z",
      "user": 1,
      "content_type": 11,
      "object_id": "7",
      "object_repr": "2.25, Little Cremes",
      "action_flag": 1,
      "change_message": "[{\"added\": {}}, {\"added\": {\"name\": \"Image\", \"object\": \"Image 7\"}}]"
   }
},
{
   "model": "admin.logentry",
   "pk": 176,
   "fields": {
      "action_time": "2019-07-09T17:29:16.453Z",
      "user": 1,
      "content_type": 12,
      "object_id": "5",
      "object_repr": "Image 5",
      "action_flag": 2,
      "change_message": "[{\"changed\": {\"fields\": [\"is_main\"]}}]"
   }
},
{
   "model": "admin.logentry",
   "pk": 177,
   "fields": {
      "action_time": "2019-07-09T17:29:28.319Z",
      "user": 1,
      "content_type": 12,
      "object_id": "6",
      "object_repr": "Image 6",
      "action_flag": 2,
      "change_message": "[{\"changed\": {\"fields\": [\"is_main\"]}}]"
   }
},
{
   "model": "admin.logentry",
   "pk": 178,
   "fields": {
      "action_time": "2019-07-09T17:29:37.708Z",
      "user": 1,
      "content_type": 12,
      "object_id": "7",
      "object_repr": "Image 7",
      "action_flag": 2,
      "change_message": "[{\"changed\": {\"fields\": [\"is_main\"]}}]"
   }
},
{
   "model": "admin.logentry",
   "pk": 179,
   "fields": {
      "action_time": "2019-07-09T17:38:07.967Z",
      "user": 1,
      "content_type": 11,
      "object_id": "8",
      "object_repr": "1.3, Angelic bread",
      "action_flag": 1,
      "change_message": "[{\"added\": {}}, {\"added\": {\"name\": \"Image\", \"object\": \"Image 8\"}}]"
   }
},
{
   "model": "admin.logentry",
   "pk": 180,
   "fields": {
      "action_time": "2019-07-13T08:57:31.512Z",
      "user": 1,
      "content_type": 11,
      "object_id": "9",
      "object_repr": "1.2, Cherry",
      "action_flag": 1,
      "change_message": "[{\"added\": {}}, {\"added\": {\"name\": \"Image\", \"object\": \"Image 9\"}}]"
   }
},
{
   "model": "admin.logentry",
   "pk": 181,
   "fields": {
      "action_time": "2019-07-13T08:57:41.786Z",
      "user": 1,
      "content_type": 11,
      "object_id": "9",
      "object_repr": "1.2, Cherry",
      "action_flag": 2,
      "change_message": "[]"
   }
},
{
   "model": "admin.logentry",
   "pk": 182,
   "fields": {
      "action_time": "2019-07-13T08:58:26.229Z",
      "user": 1,
      "content_type": 11,
      "object_id": "10",
      "object_repr": "1.1, Peaches",
      "action_flag": 1,
      "change_message": "[{\"added\": {}}, {\"added\": {\"name\": \"Image\", \"object\": \"Image 10\"}}]"
   }
},
{
   "model": "admin.logentry",
   "pk": 183,
   "fields": {
      "action_time": "2019-07-13T08:59:42.322Z",
      "user": 1,
      "content_type": 11,
      "object_id": "11",
      "object_repr": "2.0, Tomatoes",
      "action_flag": 1,
      "change_message": "[{\"added\": {}}, {\"added\": {\"name\": \"Image\", \"object\": \"Image 11\"}}]"
   }
},
{
   "model": "admin.logentry",
   "pk": 184,
   "fields": {
      "action_time": "2019-07-13T09:00:00.587Z",
      "user": 1,
      "content_type": 11,
      "object_id": "10",
      "object_repr": "1.1, Peaches",
      "action_flag": 2,
      "change_message": "[{\"changed\": {\"fields\": [\"category\"]}}]"
   }
},
{
   "model": "admin.logentry",
   "pk": 185,
   "fields": {
      "action_time": "2019-07-13T09:00:45.800Z",
      "user": 1,
      "content_type": 11,
      "object_id": "12",
      "object_repr": "1.5, Cucumbers",
      "action_flag": 1,
      "change_message": "[{\"added\": {}}, {\"added\": {\"name\": \"Image\", \"object\": \"Image 12\"}}]"
   }
},
{
   "model": "admin.logentry",
   "pk": 186,
   "fields": {
      "action_time": "2019-07-13T09:01:28.741Z",
      "user": 1,
      "content_type": 11,
      "object_id": "13",
      "object_repr": "1.3, Apples",
      "action_flag": 1,
      "change_message": "[{\"added\": {}}, {\"added\": {\"name\": \"Image\", \"object\": \"Image 13\"}}]"
   }
},
{
   "model": "admin.logentry",
   "pk": 187,
   "fields": {
      "action_time": "2019-07-13T09:02:32.487Z",
      "user": 1,
      "content_type": 11,
      "object_id": "14",
      "object_repr": "0.7, Cabbage",
      "action_flag": 1,
      "change_message": "[{\"added\": {}}, {\"added\": {\"name\": \"Image\", \"object\": \"Image 14\"}}]"
   }
},
{
   "model": "admin.logentry",
   "pk": 188,
   "fields": {
      "action_time": "2019-07-13T09:03:14.127Z",
      "user": 1,
      "content_type": 11,
      "object_id": "15",
      "object_repr": "0.8, Pepper",
      "action_flag": 1,
      "change_message": "[{\"added\": {}}, {\"added\": {\"name\": \"Image\", \"object\": \"Image 15\"}}]"
   }
},
{
   "model": "admin.logentry",
   "pk": 189,
   "fields": {
      "action_time": "2019-07-13T09:04:05.282Z",
      "user": 1,
      "content_type": 11,
      "object_id": "16",
      "object_repr": "0.5, Potato",
      "action_flag": 1,
      "change_message": "[{\"added\": {}}, {\"added\": {\"name\": \"Image\", \"object\": \"Image 16\"}}]"
   }
},
{
   "model": "admin.logentry",
   "pk": 190,
   "fields": {
      "action_time": "2019-07-13T09:04:41.792Z",
      "user": 1,
      "content_type": 11,
      "object_id": "17",
      "object_repr": "0.4, Carrot",
      "action_flag": 1,
      "change_message": "[{\"added\": {}}, {\"added\": {\"name\": \"Image\", \"object\": \"Image 17\"}}]"
   }
},
{
   "model": "admin.logentry",
   "pk": 191,
   "fields": {
      "action_time": "2019-07-13T09:05:21.994Z",
      "user": 1,
      "content_type": 11,
      "object_id": "18",
      "object_repr": "0.3, Onion",
      "action_flag": 1,
      "change_message": "[{\"added\": {}}, {\"added\": {\"name\": \"Image\", \"object\": \"Image 18\"}}]"
   }
},
{
   "model": "admin.logentry",
   "pk": 192,
   "fields": {
      "action_time": "2019-07-13T09:06:31.269Z",
      "user": 1,
      "content_type": 11,
      "object_id": "19",
      "object_repr": "0.2, Radish",
      "action_flag": 1,
      "change_message": "[{\"added\": {}}, {\"added\": {\"name\": \"Image\", \"object\": \"Image 19\"}}]"
   }
},
{
   "model": "admin.logentry",
   "pk": 193,
   "fields": {
      "action_time": "2019-07-13T09:07:33.013Z",
      "user": 1,
      "content_type": 11,
      "object_id": "20",
      "object_repr": "1.7, Melon",
      "action_flag": 1,
      "change_message": "[{\"added\": {}}, {\"added\": {\"name\": \"Image\", \"object\": \"Image 20\"}}]"
   }
},
{
   "model": "admin.logentry",
   "pk": 194,
   "fields": {
      "action_time": "2019-07-13T09:08:42.607Z",
      "user": 1,
      "content_type": 13,
      "object_id": "8",
      "object_repr": "Greenery",
      "action_flag": 1,
      "change_message": "[{\"added\": {}}]"
   }
},
{
   "model": "admin.logentry",
   "pk": 195,
   "fields": {
      "action_time": "2019-07-13T09:09:31.081Z",
      "user": 1,
      "content_type": 11,
      "object_id": "21",
      "object_repr": "0.1, Parsley",
      "action_flag": 1,
      "change_message": "[{\"added\": {}}, {\"added\": {\"name\": \"Image\", \"object\": \"Image 21\"}}]"
   }
},
{
   "model": "admin.logentry",
   "pk": 196,
   "fields": {
      "action_time": "2019-07-13T09:10:34.379Z",
      "user": 1,
      "content_type": 11,
      "object_id": "22",
      "object_repr": "0.1, Dill",
      "action_flag": 1,
      "change_message": "[{\"added\": {}}, {\"added\": {\"name\": \"Image\", \"object\": \"Image 22\"}}]"
   }
},
{
   "model": "admin.logentry",
   "pk": 197,
   "fields": {
      "action_time": "2019-07-13T09:12:00.329Z",
      "user": 1,
      "content_type": 13,
      "object_id": "9",
      "object_repr": "Berries",
      "action_flag": 1,
      "change_message": "[{\"added\": {}}]"
   }
},
{
   "model": "admin.logentry",
   "pk": 198,
   "fields": {
      "action_time": "2019-07-13T09:12:33.911Z",
      "user": 1,
      "content_type": 11,
      "object_id": "23",
      "object_repr": "0.1, Gooseberry",
      "action_flag": 1,
      "change_message": "[{\"added\": {}}, {\"added\": {\"name\": \"Image\", \"object\": \"Image 23\"}}]"
   }
},
{
   "model": "admin.logentry",
   "pk": 199,
   "fields": {
      "action_time": "2019-07-13T09:13:37.041Z",
      "user": 1,
      "content_type": 13,
      "object_id": "10",
      "object_repr": "Mashrooms",
      "action_flag": 1,
      "change_message": "[{\"added\": {}}]"
   }
},
{
   "model": "admin.logentry",
   "pk": 200,
   "fields": {
      "action_time": "2019-07-13T09:14:31.843Z",
      "user": 1,
      "content_type": 11,
      "object_id": "24",
      "object_repr": "1.0, Chanterelles",
      "action_flag": 1,
      "change_message": "[{\"added\": {}}, {\"added\": {\"name\": \"Image\", \"object\": \"Image 24\"}}]"
   }
},
{
   "model": "admin.logentry",
   "pk": 201,
   "fields": {
      "action_time": "2019-07-13T09:16:21.623Z",
      "user": 1,
      "content_type": 11,
      "object_id": "25",
      "object_repr": "2.0, Raspberry",
      "action_flag": 1,
      "change_message": "[{\"added\": {}}]"
   }
},
{
   "model": "admin.logentry",
   "pk": 202,
   "fields": {
      "action_time": "2019-07-13T09:16:47.658Z",
      "user": 1,
      "content_type": 11,
      "object_id": "25",
      "object_repr": "2.0, Raspberry",
      "action_flag": 2,
      "change_message": "[{\"added\": {\"name\": \"Image\", \"object\": \"Image 25\"}}]"
   }
},
{
   "model": "admin.logentry",
   "pk": 203,
   "fields": {
      "action_time": "2019-07-13T09:28:52.317Z",
      "user": 1,
      "content_type": 11,
      "object_id": "25",
      "object_repr": "2.0, Raspberry",
      "action_flag": 2,
      "change_message": "[{\"changed\": {\"name\": \"Image\", \"object\": \"Image 25\", \"fields\": [\"is_main\", \"is_slider\"]}}]"
   }
},
{
   "model": "admin.logentry",
   "pk": 204,
   "fields": {
      "action_time": "2019-07-13T09:29:06.479Z",
      "user": 1,
      "content_type": 11,
      "object_id": "24",
      "object_repr": "1.0, Chanterelles",
      "action_flag": 2,
      "change_message": "[{\"changed\": {\"name\": \"Image\", \"object\": \"Image 24\", \"fields\": [\"is_main\", \"is_slider\"]}}]"
   }
},
{
   "model": "admin.logentry",
   "pk": 205,
   "fields": {
      "action_time": "2019-07-13T09:29:23.222Z",
      "user": 1,
      "content_type": 11,
      "object_id": "23",
      "object_repr": "0.1, Gooseberry",
      "action_flag": 2,
      "change_message": "[{\"changed\": {\"name\": \"Image\", \"object\": \"Image 23\", \"fields\": [\"is_main\", \"is_slider\"]}}]"
   }
},
{
   "model": "admin.logentry",
   "pk": 206,
   "fields": {
      "action_time": "2019-07-13T09:29:36.642Z",
      "user": 1,
      "content_type": 11,
      "object_id": "22",
      "object_repr": "0.1, Dill",
      "action_flag": 2,
      "change_message": "[{\"changed\": {\"name\": \"Image\", \"object\": \"Image 22\", \"fields\": [\"is_main\", \"is_slider\"]}}]"
   }
},
{
   "model": "admin.logentry",
   "pk": 207,
   "fields": {
      "action_time": "2019-07-13T09:30:00.501Z",
      "user": 1,
      "content_type": 11,
      "object_id": "20",
      "object_repr": "1.7, Melon",
      "action_flag": 2,
      "change_message": "[{\"changed\": {\"name\": \"Image\", \"object\": \"Image 20\", \"fields\": [\"is_main\", \"is_slider\"]}}]"
   }
},
{
   "model": "admin.logentry",
   "pk": 208,
   "fields": {
      "action_time": "2019-07-13T09:30:14.460Z",
      "user": 1,
      "content_type": 11,
      "object_id": "19",
      "object_repr": "0.2, Radish",
      "action_flag": 2,
      "change_message": "[{\"changed\": {\"name\": \"Image\", \"object\": \"Image 19\", \"fields\": [\"is_main\", \"is_slider\"]}}]"
   }
},
{
   "model": "admin.logentry",
   "pk": 209,
   "fields": {
      "action_time": "2019-07-13T09:30:44.866Z",
      "user": 1,
      "content_type": 11,
      "object_id": "18",
      "object_repr": "0.3, Onion",
      "action_flag": 2,
      "change_message": "[{\"changed\": {\"name\": \"Image\", \"object\": \"Image 18\", \"fields\": [\"is_main\", \"is_slider\"]}}]"
   }
},
{
   "model": "admin.logentry",
   "pk": 210,
   "fields": {
      "action_time": "2019-07-13T09:30:56.770Z",
      "user": 1,
      "content_type": 11,
      "object_id": "17",
      "object_repr": "0.4, Carrot",
      "action_flag": 2,
      "change_message": "[{\"changed\": {\"name\": \"Image\", \"object\": \"Image 17\", \"fields\": [\"is_main\", \"is_slider\"]}}]"
   }
},
{
   "model": "admin.logentry",
   "pk": 211,
   "fields": {
      "action_time": "2019-07-13T09:31:09.456Z",
      "user": 1,
      "content_type": 11,
      "object_id": "16",
      "object_repr": "0.5, Potato",
      "action_flag": 2,
      "change_message": "[{\"changed\": {\"name\": \"Image\", \"object\": \"Image 16\", \"fields\": [\"is_main\", \"is_slider\"]}}]"
   }
},
{
   "model": "admin.logentry",
   "pk": 212,
   "fields": {
      "action_time": "2019-07-13T09:31:21.666Z",
      "user": 1,
      "content_type": 11,
      "object_id": "15",
      "object_repr": "0.8, Pepper",
      "action_flag": 2,
      "change_message": "[{\"changed\": {\"name\": \"Image\", \"object\": \"Image 15\", \"fields\": [\"is_main\", \"is_slider\"]}}]"
   }
},
{
   "model": "admin.logentry",
   "pk": 213,
   "fields": {
      "action_time": "2019-07-13T09:31:35.747Z",
      "user": 1,
      "content_type": 11,
      "object_id": "14",
      "object_repr": "0.7, Cabbage",
      "action_flag": 2,
      "change_message": "[{\"changed\": {\"name\": \"Image\", \"object\": \"Image 14\", \"fields\": [\"is_main\", \"is_slider\"]}}]"
   }
},
{
   "model": "admin.logentry",
   "pk": 214,
   "fields": {
      "action_time": "2019-07-13T09:31:47.694Z",
      "user": 1,
      "content_type": 11,
      "object_id": "13",
      "object_repr": "1.3, Apples",
      "action_flag": 2,
      "change_message": "[{\"changed\": {\"name\": \"Image\", \"object\": \"Image 13\", \"fields\": [\"is_main\", \"is_slider\"]}}]"
   }
},
{
   "model": "admin.logentry",
   "pk": 215,
   "fields": {
      "action_time": "2019-07-13T09:32:12.476Z",
      "user": 1,
      "content_type": 11,
      "object_id": "12",
      "object_repr": "1.5, Cucumbers",
      "action_flag": 2,
      "change_message": "[{\"changed\": {\"name\": \"Image\", \"object\": \"Image 12\", \"fields\": [\"is_main\", \"is_slider\"]}}]"
   }
},
{
   "model": "admin.logentry",
   "pk": 216,
   "fields": {
      "action_time": "2019-07-13T09:32:28.049Z",
      "user": 1,
      "content_type": 11,
      "object_id": "11",
      "object_repr": "2.0, Tomatoes",
      "action_flag": 2,
      "change_message": "[{\"changed\": {\"name\": \"Image\", \"object\": \"Image 11\", \"fields\": [\"is_main\", \"is_slider\"]}}]"
   }
},
{
   "model": "admin.logentry",
   "pk": 217,
   "fields": {
      "action_time": "2019-07-13T09:32:42.467Z",
      "user": 1,
      "content_type": 11,
      "object_id": "10",
      "object_repr": "1.1, Peaches",
      "action_flag": 2,
      "change_message": "[{\"changed\": {\"name\": \"Image\", \"object\": \"Image 10\", \"fields\": [\"is_main\", \"is_slider\"]}}]"
   }
},
{
   "model": "admin.logentry",
   "pk": 218,
   "fields": {
      "action_time": "2019-07-13T09:32:55.347Z",
      "user": 1,
      "content_type": 11,
      "object_id": "9",
      "object_repr": "1.2, Cherry",
      "action_flag": 2,
      "change_message": "[{\"changed\": {\"name\": \"Image\", \"object\": \"Image 9\", \"fields\": [\"is_main\", \"is_slider\"]}}]"
   }
},
{
   "model": "admin.logentry",
   "pk": 219,
   "fields": {
      "action_time": "2019-07-13T14:32:14.250Z",
      "user": 1,
      "content_type": 11,
      "object_id": "11",
      "object_repr": "2.0, Tomatoes",
      "action_flag": 2,
      "change_message": "[{\"added\": {\"name\": \"Image\", \"object\": \"Image 26\"}}]"
   }
},
{
   "model": "admin.logentry",
   "pk": 220,
   "fields": {
      "action_time": "2019-07-13T15:36:55.034Z",
      "user": 1,
      "content_type": 11,
      "object_id": "9",
      "object_repr": "1.2, Cherry",
      "action_flag": 2,
      "change_message": "[{\"added\": {\"name\": \"Image\", \"object\": \"Image 27\"}}]"
   }
},
{
   "model": "admin.logentry",
   "pk": 221,
   "fields": {
      "action_time": "2019-07-13T15:39:34.189Z",
      "user": 1,
      "content_type": 11,
      "object_id": "10",
      "object_repr": "1.1, Peaches",
      "action_flag": 2,
      "change_message": "[{\"added\": {\"name\": \"Image\", \"object\": \"Image 28\"}}]"
   }
},
{
   "model": "admin.logentry",
   "pk": 222,
   "fields": {
      "action_time": "2019-07-13T15:41:22.282Z",
      "user": 1,
      "content_type": 11,
      "object_id": "12",
      "object_repr": "1.5, Cucumbers",
      "action_flag": 2,
      "change_message": "[{\"added\": {\"name\": \"Image\", \"object\": \"Image 29\"}}]"
   }
},
{
   "model": "admin.logentry",
   "pk": 223,
   "fields": {
      "action_time": "2019-07-13T15:42:38.430Z",
      "user": 1,
      "content_type": 11,
      "object_id": "13",
      "object_repr": "1.3, Apples",
      "action_flag": 2,
      "change_message": "[{\"added\": {\"name\": \"Image\", \"object\": \"Image 30\"}}]"
   }
},
{
   "model": "admin.logentry",
   "pk": 224,
   "fields": {
      "action_time": "2019-07-13T15:44:03.683Z",
      "user": 1,
      "content_type": 11,
      "object_id": "14",
      "object_repr": "0.7, Cabbage",
      "action_flag": 2,
      "change_message": "[{\"added\": {\"name\": \"Image\", \"object\": \"Image 31\"}}]"
   }
},
{
   "model": "admin.logentry",
   "pk": 225,
   "fields": {
      "action_time": "2019-07-13T15:46:49.336Z",
      "user": 1,
      "content_type": 11,
      "object_id": "15",
      "object_repr": "0.8, Pepper",
      "action_flag": 2,
      "change_message": "[{\"added\": {\"name\": \"Image\", \"object\": \"Image 32\"}}]"
   }
},
{
   "model": "admin.logentry",
   "pk": 226,
   "fields": {
      "action_time": "2019-07-13T15:48:19.540Z",
      "user": 1,
      "content_type": 11,
      "object_id": "16",
      "object_repr": "0.5, Potato",
      "action_flag": 2,
      "change_message": "[{\"added\": {\"name\": \"Image\", \"object\": \"Image 33\"}}]"
   }
},
{
   "model": "admin.logentry",
   "pk": 227,
   "fields": {
      "action_time": "2019-07-13T15:49:38.363Z",
      "user": 1,
      "content_type": 11,
      "object_id": "17",
      "object_repr": "0.4, Carrot",
      "action_flag": 2,
      "change_message": "[{\"added\": {\"name\": \"Image\", \"object\": \"Image 34\"}}]"
   }
},
{
   "model": "admin.logentry",
   "pk": 228,
   "fields": {
      "action_time": "2019-07-13T15:51:10.564Z",
      "user": 1,
      "content_type": 11,
      "object_id": "18",
      "object_repr": "0.3, Onion",
      "action_flag": 2,
      "change_message": "[{\"added\": {\"name\": \"Image\", \"object\": \"Image 35\"}}]"
   }
},
{
   "model": "admin.logentry",
   "pk": 229,
   "fields": {
      "action_time": "2019-07-13T15:52:54.407Z",
      "user": 1,
      "content_type": 11,
      "object_id": "19",
      "object_repr": "0.2, Radish",
      "action_flag": 2,
      "change_message": "[{\"added\": {\"name\": \"Image\", \"object\": \"Image 36\"}}]"
   }
},
{
   "model": "admin.logentry",
   "pk": 230,
   "fields": {
      "action_time": "2019-07-13T15:56:16.808Z",
      "user": 1,
      "content_type": 11,
      "object_id": "20",
      "object_repr": "1.7, Melon",
      "action_flag": 2,
      "change_message": "[{\"added\": {\"name\": \"Image\", \"object\": \"Image 37\"}}]"
   }
},
{
   "model": "admin.logentry",
   "pk": 231,
   "fields": {
      "action_time": "2019-07-13T16:00:43.774Z",
      "user": 1,
      "content_type": 11,
      "object_id": "22",
      "object_repr": "0.1, Dill",
      "action_flag": 2,
      "change_message": "[{\"added\": {\"name\": \"Image\", \"object\": \"Image 38\"}}]"
   }
},
{
   "model": "admin.logentry",
   "pk": 232,
   "fields": {
      "action_time": "2019-07-13T16:02:37.016Z",
      "user": 1,
      "content_type": 11,
      "object_id": "23",
      "object_repr": "0.1, Gooseberry",
      "action_flag": 2,
      "change_message": "[{\"added\": {\"name\": \"Image\", \"object\": \"Image 39\"}}]"
   }
},
{
   "model": "admin.logentry",
   "pk": 233,
   "fields": {
      "action_time": "2019-07-13T16:06:04.421Z",
      "user": 1,
      "content_type": 11,
      "object_id": "23",
      "object_repr": "0.1, Gooseberry",
      "action_flag": 2,
      "change_message": "[{\"changed\": {\"name\": \"Image\", \"object\": \"Image 39\", \"fields\": [\"image\"]}}]"
   }
},
{
   "model": "admin.logentry",
   "pk": 234,
   "fields": {
      "action_time": "2019-07-13T16:19:04.579Z",
      "user": 1,
      "content_type": 11,
      "object_id": "25",
      "object_repr": "2.0, Raspberry",
      "action_flag": 2,
      "change_message": "[{\"added\": {\"name\": \"Image\", \"object\": \"Image 40\"}}]"
   }
},
{
   "model": "admin.logentry",
   "pk": 235,
   "fields": {
      "action_time": "2019-07-13T16:19:36.774Z",
      "user": 1,
      "content_type": 11,
      "object_id": "24",
      "object_repr": "1.0, Chanterelles",
      "action_flag": 2,
      "change_message": "[{\"added\": {\"name\": \"Image\", \"object\": \"Image 41\"}}]"
   }
},
{
   "model": "admin.logentry",
   "pk": 236,
   "fields": {
      "action_time": "2019-07-14T14:46:40.640Z",
      "user": 1,
      "content_type": 11,
      "object_id": "26",
      "object_repr": "2.925, CHIA Energy drinks",
      "action_flag": 1,
      "change_message": "[{\"added\": {}}, {\"added\": {\"name\": \"Image\", \"object\": \"Image 42\"}}]"
   }
},
{
   "model": "admin.logentry",
   "pk": 237,
   "fields": {
      "action_time": "2019-07-14T14:50:17.796Z",
      "user": 1,
      "content_type": 11,
      "object_id": "26",
      "object_repr": "2.925, CHIA Energy drinks",
      "action_flag": 2,
      "change_message": "[{\"changed\": {\"fields\": [\"short_description\", \"description\"]}}]"
   }
},
{
   "model": "admin.logentry",
   "pk": 238,
   "fields": {
      "action_time": "2019-07-14T14:52:56.185Z",
      "user": 1,
      "content_type": 11,
      "object_id": "26",
      "object_repr": "2.925, Berry White",
      "action_flag": 2,
      "change_message": "[{\"changed\": {\"fields\": [\"name\", \"short_description\", \"description\"]}}, {\"changed\": {\"name\": \"Image\", \"object\": \"Image 42\", \"fields\": [\"image\"]}}]"
   }
},
{
   "model": "admin.logentry",
   "pk": 239,
   "fields": {
      "action_time": "2019-07-14T14:56:28.990Z",
      "user": 1,
      "content_type": 11,
      "object_id": "27",
      "object_repr": "1.6, G Organic",
      "action_flag": 1,
      "change_message": "[{\"added\": {}}, {\"added\": {\"name\": \"Image\", \"object\": \"Image 43\"}}]"
   }
},
{
   "model": "admin.logentry",
   "pk": 240,
   "fields": {
      "action_time": "2019-07-14T14:59:21.408Z",
      "user": 1,
      "content_type": 11,
      "object_id": "28",
      "object_repr": "3.3015, Organic shake",
      "action_flag": 1,
      "change_message": "[{\"added\": {}}, {\"added\": {\"name\": \"Image\", \"object\": \"Image 44\"}}]"
   }
},
{
   "model": "admin.logentry",
   "pk": 241,
   "fields": {
      "action_time": "2019-07-14T15:02:11.550Z",
      "user": 1,
      "content_type": 11,
      "object_id": "29",
      "object_repr": "1.1, Sparking water",
      "action_flag": 1,
      "change_message": "[{\"added\": {}}, {\"added\": {\"name\": \"Image\", \"object\": \"Image 45\"}}]"
   }
},
{
   "model": "admin.logentry",
   "pk": 242,
   "fields": {
      "action_time": "2019-07-14T15:11:05.623Z",
      "user": 1,
      "content_type": 11,
      "object_id": "2",
      "object_repr": "2.0, Dried Fruit",
      "action_flag": 2,
      "change_message": "[{\"changed\": {\"fields\": [\"category\"]}}]"
   }
},
{
   "model": "admin.logentry",
   "pk": 243,
   "fields": {
      "action_time": "2019-07-14T15:11:40.334Z",
      "user": 1,
      "content_type": 11,
      "object_id": "4",
      "object_repr": "1.425, Natura CHIA bar",
      "action_flag": 2,
      "change_message": "[{\"changed\": {\"fields\": [\"category\"]}}]"
   }
},
{
   "model": "admin.logentry",
   "pk": 244,
   "fields": {
      "action_time": "2019-07-14T15:12:21.204Z",
      "user": 1,
      "content_type": 11,
      "object_id": "8",
      "object_repr": "1.3, Angelic bread",
      "action_flag": 2,
      "change_message": "[{\"changed\": {\"fields\": [\"category\"]}}]"
   }
},
{
   "model": "admin.logentry",
   "pk": 245,
   "fields": {
      "action_time": "2019-07-14T15:19:49.629Z",
      "user": 1,
      "content_type": 11,
      "object_id": "30",
      "object_repr": "1.2, Organic Hazelnuts",
      "action_flag": 1,
      "change_message": "[{\"added\": {}}, {\"added\": {\"name\": \"Image\", \"object\": \"Image 46\"}}]"
   }
},
{
   "model": "admin.logentry",
   "pk": 246,
   "fields": {
      "action_time": "2019-07-14T15:21:01.312Z",
      "user": 1,
      "content_type": 11,
      "object_id": "31",
      "object_repr": "2.1, Black beans",
      "action_flag": 1,
      "change_message": "[{\"added\": {}}, {\"added\": {\"name\": \"Image\", \"object\": \"Image 47\"}}]"
   }
},
{
   "model": "admin.logentry",
   "pk": 247,
   "fields": {
      "action_time": "2019-07-14T15:21:26.794Z",
      "user": 1,
      "content_type": 11,
      "object_id": "32",
      "object_repr": "1.8, Sesame Ginger Greens",
      "action_flag": 1,
      "change_message": "[{\"added\": {}}, {\"added\": {\"name\": \"Image\", \"object\": \"Image 48\"}}]"
   }
},
{
   "model": "admin.logentry",
   "pk": 248,
   "fields": {
      "action_time": "2019-07-14T15:23:24.868Z",
      "user": 1,
      "content_type": 11,
      "object_id": "33",
      "object_repr": "2.0, Flax Seeds",
      "action_flag": 1,
      "change_message": "[{\"added\": {}}, {\"added\": {\"name\": \"Image\", \"object\": \"Image 49\"}}]"
   }
},
{
   "model": "admin.logentry",
   "pk": 249,
   "fields": {
      "action_time": "2019-07-14T15:24:10.883Z",
      "user": 1,
      "content_type": 11,
      "object_id": "28",
      "object_repr": "3.55, Organic shake",
      "action_flag": 2,
      "change_message": "[{\"changed\": {\"fields\": [\"discount\"]}}]"
   }
},
{
   "model": "admin.logentry",
   "pk": 250,
   "fields": {
      "action_time": "2019-07-14T15:24:42.534Z",
      "user": 1,
      "content_type": 11,
      "object_id": "32",
      "object_repr": "1.584, Sesame Ginger Greens",
      "action_flag": 2,
      "change_message": "[{\"changed\": {\"fields\": [\"discount\"]}}]"
   }
},
{
   "model": "admin.logentry",
   "pk": 251,
   "fields": {
      "action_time": "2019-07-14T15:25:12.122Z",
      "user": 1,
      "content_type": 11,
      "object_id": "3",
      "object_repr": "3.0, Liberte Kefir",
      "action_flag": 2,
      "change_message": "[{\"changed\": {\"fields\": [\"discount\"]}}]"
   }
},
{
   "model": "admin.logentry",
   "pk": 252,
   "fields": {
      "action_time": "2019-07-14T15:25:26.546Z",
      "user": 1,
      "content_type": 11,
      "object_id": "4",
      "object_repr": "1.5, Natura CHIA bar",
      "action_flag": 2,
      "change_message": "[{\"changed\": {\"fields\": [\"discount\"]}}]"
   }
},
{
   "model": "admin.logentry",
   "pk": 253,
   "fields": {
      "action_time": "2019-07-14T15:25:47.248Z",
      "user": 1,
      "content_type": 11,
      "object_id": "6",
      "object_repr": "1.75, Frisp mango crisps",
      "action_flag": 2,
      "change_message": "[{\"changed\": {\"fields\": [\"discount\"]}}]"
   }
},
{
   "model": "admin.logentry",
   "pk": 254,
   "fields": {
      "action_time": "2019-07-14T15:28:02.844Z",
      "user": 1,
      "content_type": 11,
      "object_id": "3",
      "object_repr": "3.0, Liberte Kefir",
      "action_flag": 2,
      "change_message": "[{\"changed\": {\"fields\": [\"category\"]}}]"
   }
},
{
   "model": "admin.logentry",
   "pk": 255,
   "fields": {
      "action_time": "2019-07-14T15:28:30.192Z",
      "user": 1,
      "content_type": 11,
      "object_id": "1",
      "object_repr": "20.0, Yoghurt Frutti",
      "action_flag": 2,
      "change_message": "[{\"changed\": {\"fields\": [\"category\"]}}]"
   }
},
{
   "model": "admin.logentry",
   "pk": 256,
   "fields": {
      "action_time": "2019-07-14T20:09:10.853Z",
      "user": 1,
      "content_type": 11,
      "object_id": "9",
      "object_repr": "1.2, Cherry",
      "action_flag": 2,
      "change_message": "[{\"changed\": {\"fields\": [\"category\"]}}]"
   }
},
{
   "model": "admin.logentry",
   "pk": 257,
   "fields": {
      "action_time": "2019-07-14T22:17:02.340Z",
      "user": 1,
      "content_type": 11,
      "object_id": "7",
      "object_repr": "2.25, Little Cremes",
      "action_flag": 2,
      "change_message": "[{\"changed\": {\"fields\": [\"category\"]}}]"
   }
},
{
   "model": "admin.logentry",
   "pk": 258,
   "fields": {
      "action_time": "2019-07-27T07:51:59.336Z",
      "user": 1,
      "content_type": 15,
      "object_id": "1",
      "object_repr": "Image 1, First slide",
      "action_flag": 1,
      "change_message": "[{\"added\": {}}]"
   }
},
{
   "model": "admin.logentry",
   "pk": 259,
   "fields": {
      "action_time": "2019-07-27T07:52:04.872Z",
      "user": 1,
      "content_type": 15,
      "object_id": "1",
      "object_repr": "Image 1, First slide",
      "action_flag": 2,
      "change_message": "[]"
   }
},
{
   "model": "admin.logentry",
   "pk": 260,
   "fields": {
      "action_time": "2019-07-27T07:52:28.193Z",
      "user": 1,
      "content_type": 15,
      "object_id": "2",
      "object_repr": "Image 2, Second slide",
      "action_flag": 1,
      "change_message": "[{\"added\": {}}]"
   }
},
{
   "model": "admin.logentry",
   "pk": 261,
   "fields": {
      "action_time": "2019-07-27T07:52:55.219Z",
      "user": 1,
      "content_type": 15,
      "object_id": "3",
      "object_repr": "Image 3, Third slide",
      "action_flag": 1,
      "change_message": "[{\"added\": {}}]"
   }
},
{
   "model": "admin.logentry",
   "pk": 262,
   "fields": {
      "action_time": "2019-07-27T11:26:21.129Z",
      "user": 1,
      "content_type": 11,
      "object_id": "1",
      "object_repr": "20.0, Yoghurt Frutti",
      "action_flag": 2,
      "change_message": "[{\"changed\": {\"fields\": [\"short_description\", \"description\"]}}]"
   }
},
{
   "model": "admin.logentry",
   "pk": 263,
   "fields": {
      "action_time": "2019-07-27T11:28:50.192Z",
      "user": 1,
      "content_type": 10,
      "object_id": "13",
      "object_repr": "Product 13 Natura CHIA bar 2019-07-08 20:33:30.865218+00:00",
      "action_flag": 3,
      "change_message": ""
   }
},
{
   "model": "admin.logentry",
   "pk": 264,
   "fields": {
      "action_time": "2019-07-27T11:29:04.973Z",
      "user": 1,
      "content_type": 10,
      "object_id": "12",
      "object_repr": "Product 12 Natura CHIA bar 2019-07-08 20:32:51.957992+00:00",
      "action_flag": 3,
      "change_message": ""
   }
},
{
   "model": "admin.logentry",
   "pk": 265,
   "fields": {
      "action_time": "2019-07-27T11:29:05.066Z",
      "user": 1,
      "content_type": 10,
      "object_id": "11",
      "object_repr": "Product 11 Liberte Kefir 2019-07-08 20:20:28.657210+00:00",
      "action_flag": 3,
      "change_message": ""
   }
},
{
   "model": "admin.logentry",
   "pk": 266,
   "fields": {
      "action_time": "2019-07-27T11:29:05.146Z",
      "user": 1,
      "content_type": 10,
      "object_id": "10",
      "object_repr": "Product 10 Yoghurt Frutti 2019-07-08 20:20:28.320296+00:00",
      "action_flag": 3,
      "change_message": ""
   }
},
{
   "model": "admin.logentry",
   "pk": 267,
   "fields": {
      "action_time": "2019-07-27T11:29:44.679Z",
      "user": 1,
      "content_type": 14,
      "object_id": "122",
      "object_repr": "Product 122 Angelic bread 2019-07-26 23:00:22.824218+00:00",
      "action_flag": 3,
      "change_message": ""
   }
},
{
   "model": "admin.logentry",
   "pk": 268,
   "fields": {
      "action_time": "2019-07-27T11:29:44.780Z",
      "user": 1,
      "content_type": 14,
      "object_id": "121",
      "object_repr": "Product 121 Organic shake 2019-07-26 20:08:04.827148+00:00",
      "action_flag": 3,
      "change_message": ""
   }
},
{
   "model": "admin.logentry",
   "pk": 269,
   "fields": {
      "action_time": "2019-07-27T11:29:44.897Z",
      "user": 1,
      "content_type": 14,
      "object_id": "120",
      "object_repr": "Product 120 Cucumbers 2019-07-26 20:07:31.874023+00:00",
      "action_flag": 3,
      "change_message": ""
   }
},
{
   "model": "admin.logentry",
   "pk": 270,
   "fields": {
      "action_time": "2019-07-27T11:29:44.989Z",
      "user": 1,
      "content_type": 14,
      "object_id": "119",
      "object_repr": "Product 119 Liberte Kefir 2019-07-26 19:37:15.431640+00:00",
      "action_flag": 3,
      "change_message": ""
   }
},
{
   "model": "admin.logentry",
   "pk": 271,
   "fields": {
      "action_time": "2019-07-27T11:29:45.065Z",
      "user": 1,
      "content_type": 14,
      "object_id": "118",
      "object_repr": "Product 118 Yoghurt Frutti 2019-07-26 19:36:53.798828+00:00",
      "action_flag": 3,
      "change_message": ""
   }
},
{
   "model": "admin.logentry",
   "pk": 272,
   "fields": {
      "action_time": "2019-07-27T11:29:45.155Z",
      "user": 1,
      "content_type": 14,
      "object_id": "117",
      "object_repr": "Product 117 Natura CHIA bar 2019-07-26 19:32:18.542968+00:00",
      "action_flag": 3,
      "change_message": ""
   }
},
{
   "model": "admin.logentry",
   "pk": 273,
   "fields": {
      "action_time": "2019-07-27T11:29:45.239Z",
      "user": 1,
      "content_type": 14,
      "object_id": "116",
      "object_repr": "Product 116 Liberte Kefir 2019-07-26 19:25:23.352539+00:00",
      "action_flag": 3,
      "change_message": ""
   }
},
{
   "model": "admin.logentry",
   "pk": 274,
   "fields": {
      "action_time": "2019-07-27T11:29:45.338Z",
      "user": 1,
      "content_type": 14,
      "object_id": "115",
      "object_repr": "Product 115 Flax Seeds 2019-07-26 19:25:08.129882+00:00",
      "action_flag": 3,
      "change_message": ""
   }
},
{
   "model": "admin.logentry",
   "pk": 275,
   "fields": {
      "action_time": "2019-07-27T11:29:45.430Z",
      "user": 1,
      "content_type": 14,
      "object_id": "114",
      "object_repr": "Product 114 Sesame Ginger Greens 2019-07-26 19:25:02.265625+00:00",
      "action_flag": 3,
      "change_message": ""
   }
},
{
   "model": "admin.logentry",
   "pk": 276,
   "fields": {
      "action_time": "2019-07-27T11:29:45.539Z",
      "user": 1,
      "content_type": 14,
      "object_id": "113",
      "object_repr": "Product 113 Berry White 2019-07-26 19:23:49.671875+00:00",
      "action_flag": 3,
      "change_message": ""
   }
},
{
   "model": "admin.logentry",
   "pk": 277,
   "fields": {
      "action_time": "2019-07-27T11:29:45.622Z",
      "user": 1,
      "content_type": 14,
      "object_id": "112",
      "object_repr": "Product 112 Black beans 2019-07-26 19:23:39.305664+00:00",
      "action_flag": 3,
      "change_message": ""
   }
},
{
   "model": "admin.logentry",
   "pk": 278,
   "fields": {
      "action_time": "2019-07-27T11:29:45.706Z",
      "user": 1,
      "content_type": 14,
      "object_id": "111",
      "object_repr": "Product 111 Organic Hazelnuts 2019-07-26 19:22:49.552734+00:00",
      "action_flag": 3,
      "change_message": ""
   }
},
{
   "model": "admin.logentry",
   "pk": 279,
   "fields": {
      "action_time": "2019-07-27T11:29:45.805Z",
      "user": 1,
      "content_type": 14,
      "object_id": "110",
      "object_repr": "Product 110 Organic shake 2019-07-26 19:22:41.802734+00:00",
      "action_flag": 3,
      "change_message": ""
   }
},
{
   "model": "admin.logentry",
   "pk": 280,
   "fields": {
      "action_time": "2019-07-27T11:29:45.947Z",
      "user": 1,
      "content_type": 14,
      "object_id": "109",
      "object_repr": "Product 109 Frisp mango crisps 2019-07-26 19:21:19.523437+00:00",
      "action_flag": 3,
      "change_message": ""
   }
},
{
   "model": "admin.logentry",
   "pk": 281,
   "fields": {
      "action_time": "2019-07-27T11:29:46.047Z",
      "user": 1,
      "content_type": 14,
      "object_id": "108",
      "object_repr": "Product 108 Little Cremes 2019-07-26 19:21:12.423828+00:00",
      "action_flag": 3,
      "change_message": ""
   }
},
{
   "model": "admin.logentry",
   "pk": 282,
   "fields": {
      "action_time": "2019-07-27T11:29:46.139Z",
      "user": 1,
      "content_type": 14,
      "object_id": "107",
      "object_repr": "Product 107 Angelic bread 2019-07-26 19:18:33.628906+00:00",
      "action_flag": 3,
      "change_message": ""
   }
},
{
   "model": "admin.logentry",
   "pk": 283,
   "fields": {
      "action_time": "2019-07-27T11:29:46.333Z",
      "user": 1,
      "content_type": 14,
      "object_id": "106",
      "object_repr": "Product 106 Natura CHIA bar 2019-07-26 19:13:45.381835+00:00",
      "action_flag": 3,
      "change_message": ""
   }
},
{
   "model": "admin.logentry",
   "pk": 284,
   "fields": {
      "action_time": "2019-07-27T11:29:46.472Z",
      "user": 1,
      "content_type": 14,
      "object_id": "105",
      "object_repr": "Product 105 Dried Fruit 2019-07-26 19:13:32.893554+00:00",
      "action_flag": 3,
      "change_message": ""
   }
},
{
   "model": "admin.logentry",
   "pk": 285,
   "fields": {
      "action_time": "2019-07-27T11:29:46.555Z",
      "user": 1,
      "content_type": 14,
      "object_id": "104",
      "object_repr": "Product 104 Liberte Kefir 2019-07-26 18:14:13.305664+00:00",
      "action_flag": 3,
      "change_message": ""
   }
},
{
   "model": "admin.logentry",
   "pk": 286,
   "fields": {
      "action_time": "2019-07-27T11:29:46.680Z",
      "user": 1,
      "content_type": 14,
      "object_id": "103",
      "object_repr": "Product 103 Natura CHIA bar 2019-07-26 18:14:06.032226+00:00",
      "action_flag": 3,
      "change_message": ""
   }
},
{
   "model": "admin.logentry",
   "pk": 287,
   "fields": {
      "action_time": "2019-07-27T11:29:46.782Z",
      "user": 1,
      "content_type": 14,
      "object_id": "102",
      "object_repr": "Product 102 Dried Fruit 2019-07-26 18:13:49.386718+00:00",
      "action_flag": 3,
      "change_message": ""
   }
},
{
   "model": "admin.logentry",
   "pk": 288,
   "fields": {
      "action_time": "2019-07-27T11:29:46.922Z",
      "user": 1,
      "content_type": 14,
      "object_id": "101",
      "object_repr": "Product 101 Liberte Kefir 2019-07-26 18:13:44.618164+00:00",
      "action_flag": 3,
      "change_message": ""
   }
},
{
   "model": "admin.logentry",
   "pk": 289,
   "fields": {
      "action_time": "2019-07-27T11:29:47.047Z",
      "user": 1,
      "content_type": 14,
      "object_id": "100",
      "object_repr": "Product 100 Dried Fruit 2019-07-26 16:37:44.732421+00:00",
      "action_flag": 3,
      "change_message": ""
   }
},
{
   "model": "admin.logentry",
   "pk": 290,
   "fields": {
      "action_time": "2019-07-27T11:29:47.139Z",
      "user": 1,
      "content_type": 14,
      "object_id": "99",
      "object_repr": "Product 99 Natura CHIA bar 2019-07-26 16:29:00.242187+00:00",
      "action_flag": 3,
      "change_message": ""
   }
},
{
   "model": "admin.logentry",
   "pk": 291,
   "fields": {
      "action_time": "2019-07-27T11:29:47.239Z",
      "user": 1,
      "content_type": 14,
      "object_id": "98",
      "object_repr": "Product 98 Yoghurt Frutti 2019-07-26 16:28:27.412109+00:00",
      "action_flag": 3,
      "change_message": ""
   }
},
{
   "model": "admin.logentry",
   "pk": 292,
   "fields": {
      "action_time": "2019-07-27T11:29:47.331Z",
      "user": 1,
      "content_type": 14,
      "object_id": "97",
      "object_repr": "Product 97 Liberte Kefir 2019-07-26 16:28:18.523437+00:00",
      "action_flag": 3,
      "change_message": ""
   }
},
{
   "model": "admin.logentry",
   "pk": 293,
   "fields": {
      "action_time": "2019-07-27T11:29:47.431Z",
      "user": 1,
      "content_type": 14,
      "object_id": "96",
      "object_repr": "Product 96 Dried Fruit 2019-07-26 16:18:00.410156+00:00",
      "action_flag": 3,
      "change_message": ""
   }
},
{
   "model": "admin.logentry",
   "pk": 294,
   "fields": {
      "action_time": "2019-07-27T11:29:47.540Z",
      "user": 1,
      "content_type": 14,
      "object_id": "95",
      "object_repr": "Product 95 Liberte Kefir 2019-07-26 16:17:18.129882+00:00",
      "action_flag": 3,
      "change_message": ""
   }
},
{
   "model": "admin.logentry",
   "pk": 295,
   "fields": {
      "action_time": "2019-07-27T11:29:47.631Z",
      "user": 1,
      "content_type": 14,
      "object_id": "94",
      "object_repr": "Product 94 Dried Fruit 2019-07-26 16:16:16.952148+00:00",
      "action_flag": 3,
      "change_message": ""
   }
},
{
   "model": "admin.logentry",
   "pk": 296,
   "fields": {
      "action_time": "2019-07-27T11:29:47.731Z",
      "user": 1,
      "content_type": 14,
      "object_id": "93",
      "object_repr": "Product 93 Natura CHIA bar 2019-07-26 16:15:59.471679+00:00",
      "action_flag": 3,
      "change_message": ""
   }
},
{
   "model": "admin.logentry",
   "pk": 297,
   "fields": {
      "action_time": "2019-07-27T11:29:47.823Z",
      "user": 1,
      "content_type": 14,
      "object_id": "92",
      "object_repr": "Product 92 Liberte Kefir 2019-07-26 16:15:48.606445+00:00",
      "action_flag": 3,
      "change_message": ""
   }
},
{
   "model": "admin.logentry",
   "pk": 298,
   "fields": {
      "action_time": "2019-07-27T11:29:47.981Z",
      "user": 1,
      "content_type": 14,
      "object_id": "91",
      "object_repr": "Product 91 Yoghurt Frutti 2019-07-26 16:15:42.232421+00:00",
      "action_flag": 3,
      "change_message": ""
   }
},
{
   "model": "admin.logentry",
   "pk": 299,
   "fields": {
      "action_time": "2019-07-27T11:29:48.073Z",
      "user": 1,
      "content_type": 14,
      "object_id": "90",
      "object_repr": "Product 90 Yoghurt Frutti 2019-07-21 20:21:33.038570+00:00",
      "action_flag": 3,
      "change_message": ""
   }
},
{
   "model": "admin.logentry",
   "pk": 300,
   "fields": {
      "action_time": "2019-07-27T11:29:48.173Z",
      "user": 1,
      "content_type": 14,
      "object_id": "89",
      "object_repr": "Product 89 Little Cremes 2019-07-21 20:10:21.527828+00:00",
      "action_flag": 3,
      "change_message": ""
   }
},
{
   "model": "admin.logentry",
   "pk": 301,
   "fields": {
      "action_time": "2019-07-27T11:29:48.263Z",
      "user": 1,
      "content_type": 14,
      "object_id": "88",
      "object_repr": "Product 88 Organic Turkish Apricots 2019-07-21 19:19:26.581539+00:00",
      "action_flag": 3,
      "change_message": ""
   }
},
{
   "model": "admin.logentry",
   "pk": 302,
   "fields": {
      "action_time": "2019-07-27T11:29:48.365Z",
      "user": 1,
      "content_type": 14,
      "object_id": "87",
      "object_repr": "Product 87 Dried Fruit 2019-07-21 18:38:44.772945+00:00",
      "action_flag": 3,
      "change_message": ""
   }
},
{
   "model": "admin.logentry",
   "pk": 303,
   "fields": {
      "action_time": "2019-07-27T11:29:48.472Z",
      "user": 1,
      "content_type": 14,
      "object_id": "86",
      "object_repr": "Product 86 Frisp mango crisps 2019-07-21 18:19:41.974117+00:00",
      "action_flag": 3,
      "change_message": ""
   }
},
{
   "model": "admin.logentry",
   "pk": 304,
   "fields": {
      "action_time": "2019-07-27T11:29:48.565Z",
      "user": 1,
      "content_type": 14,
      "object_id": "85",
      "object_repr": "Product 85 G Organic 2019-07-21 18:17:52.491695+00:00",
      "action_flag": 3,
      "change_message": ""
   }
},
{
   "model": "admin.logentry",
   "pk": 305,
   "fields": {
      "action_time": "2019-07-27T11:29:48.657Z",
      "user": 1,
      "content_type": 14,
      "object_id": "84",
      "object_repr": "Product 84 Berry White 2019-07-21 18:17:46.622554+00:00",
      "action_flag": 3,
      "change_message": ""
   }
},
{
   "model": "admin.logentry",
   "pk": 306,
   "fields": {
      "action_time": "2019-07-27T11:29:48.773Z",
      "user": 1,
      "content_type": 14,
      "object_id": "83",
      "object_repr": "Product 83 G Organic 2019-07-21 17:42:13.332515+00:00",
      "action_flag": 3,
      "change_message": ""
   }
},
{
   "model": "admin.logentry",
   "pk": 307,
   "fields": {
      "action_time": "2019-07-27T11:29:48.906Z",
      "user": 1,
      "content_type": 14,
      "object_id": "82",
      "object_repr": "Product 82 Berry White 2019-07-21 17:20:03.925289+00:00",
      "action_flag": 3,
      "change_message": ""
   }
},
{
   "model": "admin.logentry",
   "pk": 308,
   "fields": {
      "action_time": "2019-07-27T11:29:49.062Z",
      "user": 1,
      "content_type": 14,
      "object_id": "81",
      "object_repr": "Product 81 Liberte Kefir 2019-07-21 17:19:10.177242+00:00",
      "action_flag": 3,
      "change_message": ""
   }
},
{
   "model": "admin.logentry",
   "pk": 309,
   "fields": {
      "action_time": "2019-07-27T11:29:49.198Z",
      "user": 1,
      "content_type": 14,
      "object_id": "80",
      "object_repr": "Product 80 Natura CHIA bar 2019-07-21 16:55:35.275875+00:00",
      "action_flag": 3,
      "change_message": ""
   }
},
{
   "model": "admin.logentry",
   "pk": 310,
   "fields": {
      "action_time": "2019-07-27T11:29:49.307Z",
      "user": 1,
      "content_type": 14,
      "object_id": "79",
      "object_repr": "Product 79 Natura CHIA bar 2019-07-21 16:54:49.226070+00:00",
      "action_flag": 3,
      "change_message": ""
   }
},
{
   "model": "admin.logentry",
   "pk": 311,
   "fields": {
      "action_time": "2019-07-27T11:29:49.416Z",
      "user": 1,
      "content_type": 14,
      "object_id": "78",
      "object_repr": "Product 78 Liberte Kefir 2019-07-21 09:14:04.185546+00:00",
      "action_flag": 3,
      "change_message": ""
   }
},
{
   "model": "admin.logentry",
   "pk": 312,
   "fields": {
      "action_time": "2019-07-27T11:29:49.523Z",
      "user": 1,
      "content_type": 14,
      "object_id": "77",
      "object_repr": "Product 77 Dried Fruit 2019-07-21 09:07:15.176757+00:00",
      "action_flag": 3,
      "change_message": ""
   }
},
{
   "model": "admin.logentry",
   "pk": 313,
   "fields": {
      "action_time": "2019-07-27T11:29:49.658Z",
      "user": 1,
      "content_type": 14,
      "object_id": "76",
      "object_repr": "Product 76 Berry White 2019-07-20 14:21:24.857421+00:00",
      "action_flag": 3,
      "change_message": ""
   }
},
{
   "model": "admin.logentry",
   "pk": 314,
   "fields": {
      "action_time": "2019-07-27T11:29:49.773Z",
      "user": 1,
      "content_type": 14,
      "object_id": "75",
      "object_repr": "Product 75 Melon 2019-07-20 12:20:21.753906+00:00",
      "action_flag": 3,
      "change_message": ""
   }
},
{
   "model": "admin.logentry",
   "pk": 315,
   "fields": {
      "action_time": "2019-07-27T11:29:49.874Z",
      "user": 1,
      "content_type": 14,
      "object_id": "74",
      "object_repr": "Product 74 Sesame Ginger Greens 2019-07-20 12:19:52.822265+00:00",
      "action_flag": 3,
      "change_message": ""
   }
},
{
   "model": "admin.logentry",
   "pk": 316,
   "fields": {
      "action_time": "2019-07-27T11:29:49.973Z",
      "user": 1,
      "content_type": 14,
      "object_id": "73",
      "object_repr": "Product 73 Frisp mango crisps 2019-07-20 12:19:42.079101+00:00",
      "action_flag": 3,
      "change_message": ""
   }
},
{
   "model": "admin.logentry",
   "pk": 317,
   "fields": {
      "action_time": "2019-07-27T11:29:50.091Z",
      "user": 1,
      "content_type": 14,
      "object_id": "72",
      "object_repr": "Product 72 Apples 2019-07-20 12:19:10.113281+00:00",
      "action_flag": 3,
      "change_message": ""
   }
},
{
   "model": "admin.logentry",
   "pk": 318,
   "fields": {
      "action_time": "2019-07-27T11:29:50.199Z",
      "user": 1,
      "content_type": 14,
      "object_id": "71",
      "object_repr": "Product 71 Dried Fruit 2019-07-20 12:18:44.422851+00:00",
      "action_flag": 3,
      "change_message": ""
   }
},
{
   "model": "admin.logentry",
   "pk": 319,
   "fields": {
      "action_time": "2019-07-27T11:29:50.290Z",
      "user": 1,
      "content_type": 14,
      "object_id": "70",
      "object_repr": "Product 70 Organic Turkish Apricots 2019-07-20 12:18:34.794921+00:00",
      "action_flag": 3,
      "change_message": ""
   }
},
{
   "model": "admin.logentry",
   "pk": 320,
   "fields": {
      "action_time": "2019-07-27T11:29:50.390Z",
      "user": 1,
      "content_type": 14,
      "object_id": "69",
      "object_repr": "Product 69 Yoghurt Frutti 2019-07-20 11:16:09.454101+00:00",
      "action_flag": 3,
      "change_message": ""
   }
},
{
   "model": "admin.logentry",
   "pk": 321,
   "fields": {
      "action_time": "2019-07-27T11:29:50.480Z",
      "user": 1,
      "content_type": 14,
      "object_id": "68",
      "object_repr": "Product 68 Yoghurt Frutti 2019-07-20 11:13:53.481445+00:00",
      "action_flag": 3,
      "change_message": ""
   }
},
{
   "model": "admin.logentry",
   "pk": 322,
   "fields": {
      "action_time": "2019-07-27T11:29:50.565Z",
      "user": 1,
      "content_type": 14,
      "object_id": "67",
      "object_repr": "Product 67 Cucumbers 2019-07-20 10:04:08.827148+00:00",
      "action_flag": 3,
      "change_message": ""
   }
},
{
   "model": "admin.logentry",
   "pk": 323,
   "fields": {
      "action_time": "2019-07-27T11:29:50.673Z",
      "user": 1,
      "content_type": 14,
      "object_id": "66",
      "object_repr": "Product 66 Tomatoes 2019-07-20 10:03:54.514648+00:00",
      "action_flag": 3,
      "change_message": ""
   }
},
{
   "model": "admin.logentry",
   "pk": 324,
   "fields": {
      "action_time": "2019-07-27T11:29:50.773Z",
      "user": 1,
      "content_type": 14,
      "object_id": "65",
      "object_repr": "Product 65 Tomatoes 2019-07-20 10:01:42.935546+00:00",
      "action_flag": 3,
      "change_message": ""
   }
},
{
   "model": "admin.logentry",
   "pk": 325,
   "fields": {
      "action_time": "2019-07-27T11:29:51.056Z",
      "user": 1,
      "content_type": 14,
      "object_id": "64",
      "object_repr": "Product 64 Tomatoes 2019-07-20 09:53:16.162109+00:00",
      "action_flag": 3,
      "change_message": ""
   }
},
{
   "model": "admin.logentry",
   "pk": 326,
   "fields": {
      "action_time": "2019-07-27T11:29:51.299Z",
      "user": 1,
      "content_type": 14,
      "object_id": "63",
      "object_repr": "Product 63 Frisp mango crisps 2019-07-20 09:52:54.516601+00:00",
      "action_flag": 3,
      "change_message": ""
   }
},
{
   "model": "admin.logentry",
   "pk": 327,
   "fields": {
      "action_time": "2019-07-27T11:29:51.507Z",
      "user": 1,
      "content_type": 14,
      "object_id": "62",
      "object_repr": "Product 62 Peaches 2019-07-20 09:52:42.645507+00:00",
      "action_flag": 3,
      "change_message": ""
   }
},
{
   "model": "admin.logentry",
   "pk": 328,
   "fields": {
      "action_time": "2019-07-27T11:29:51.636Z",
      "user": 1,
      "content_type": 14,
      "object_id": "61",
      "object_repr": "Product 61 Dried Fruit 2019-07-20 09:51:38.765625+00:00",
      "action_flag": 3,
      "change_message": ""
   }
},
{
   "model": "admin.logentry",
   "pk": 329,
   "fields": {
      "action_time": "2019-07-27T11:29:51.766Z",
      "user": 1,
      "content_type": 14,
      "object_id": "60",
      "object_repr": "Product 60 Liberte Kefir 2019-07-20 09:51:07.455078+00:00",
      "action_flag": 3,
      "change_message": ""
   }
},
{
   "model": "admin.logentry",
   "pk": 330,
   "fields": {
      "action_time": "2019-07-27T11:29:51.882Z",
      "user": 1,
      "content_type": 14,
      "object_id": "59",
      "object_repr": "Product 59 Natura CHIA bar 2019-07-20 09:50:57.794921+00:00",
      "action_flag": 3,
      "change_message": ""
   }
},
{
   "model": "admin.logentry",
   "pk": 331,
   "fields": {
      "action_time": "2019-07-27T11:29:51.983Z",
      "user": 1,
      "content_type": 14,
      "object_id": "58",
      "object_repr": "Product 58 Cabbage 2019-07-19 18:55:20.297851+00:00",
      "action_flag": 3,
      "change_message": ""
   }
},
{
   "model": "admin.logentry",
   "pk": 332,
   "fields": {
      "action_time": "2019-07-27T11:29:52.099Z",
      "user": 1,
      "content_type": 14,
      "object_id": "57",
      "object_repr": "Product 57 Angelic bread 2019-07-19 18:54:23.109375+00:00",
      "action_flag": 3,
      "change_message": ""
   }
},
{
   "model": "admin.logentry",
   "pk": 333,
   "fields": {
      "action_time": "2019-07-27T11:29:52.224Z",
      "user": 1,
      "content_type": 14,
      "object_id": "56",
      "object_repr": "Product 56 Natura CHIA bar 2019-07-19 18:54:18.652343+00:00",
      "action_flag": 3,
      "change_message": ""
   }
},
{
   "model": "admin.logentry",
   "pk": 334,
   "fields": {
      "action_time": "2019-07-27T11:29:52.340Z",
      "user": 1,
      "content_type": 14,
      "object_id": "55",
      "object_repr": "Product 55 Little Cremes 2019-07-19 18:54:09.375976+00:00",
      "action_flag": 3,
      "change_message": ""
   }
},
{
   "model": "admin.logentry",
   "pk": 335,
   "fields": {
      "action_time": "2019-07-27T11:29:52.483Z",
      "user": 1,
      "content_type": 14,
      "object_id": "54",
      "object_repr": "Product 54 Natura CHIA bar 2019-07-19 18:34:16.424804+00:00",
      "action_flag": 3,
      "change_message": ""
   }
},
{
   "model": "admin.logentry",
   "pk": 336,
   "fields": {
      "action_time": "2019-07-27T11:29:52.591Z",
      "user": 1,
      "content_type": 14,
      "object_id": "53",
      "object_repr": "Product 53 Cucumbers 2019-07-19 18:32:27.362304+00:00",
      "action_flag": 3,
      "change_message": ""
   }
},
{
   "model": "admin.logentry",
   "pk": 337,
   "fields": {
      "action_time": "2019-07-27T11:29:52.751Z",
      "user": 1,
      "content_type": 14,
      "object_id": "52",
      "object_repr": "Product 52 Berry White 2019-07-19 18:31:37.541015+00:00",
      "action_flag": 3,
      "change_message": ""
   }
},
{
   "model": "admin.logentry",
   "pk": 338,
   "fields": {
      "action_time": "2019-07-27T11:29:52.866Z",
      "user": 1,
      "content_type": 14,
      "object_id": "51",
      "object_repr": "Product 51 Little Cremes 2019-07-19 18:31:27.391601+00:00",
      "action_flag": 3,
      "change_message": ""
   }
},
{
   "model": "admin.logentry",
   "pk": 339,
   "fields": {
      "action_time": "2019-07-27T11:29:52.958Z",
      "user": 1,
      "content_type": 14,
      "object_id": "50",
      "object_repr": "Product 50 Natura CHIA bar 2019-07-19 18:31:22.899414+00:00",
      "action_flag": 3,
      "change_message": ""
   }
},
{
   "model": "admin.logentry",
   "pk": 340,
   "fields": {
      "action_time": "2019-07-27T11:29:53.060Z",
      "user": 1,
      "content_type": 14,
      "object_id": "49",
      "object_repr": "Product 49 Yoghurt Frutti 2019-07-19 18:31:18.464843+00:00",
      "action_flag": 3,
      "change_message": ""
   }
},
{
   "model": "admin.logentry",
   "pk": 341,
   "fields": {
      "action_time": "2019-07-27T11:29:53.159Z",
      "user": 1,
      "content_type": 14,
      "object_id": "48",
      "object_repr": "Product 48 Dried Fruit 2019-07-19 18:29:28.513671+00:00",
      "action_flag": 3,
      "change_message": ""
   }
},
{
   "model": "admin.logentry",
   "pk": 342,
   "fields": {
      "action_time": "2019-07-27T11:29:53.261Z",
      "user": 1,
      "content_type": 14,
      "object_id": "47",
      "object_repr": "Product 47 Dried Fruit 2019-07-19 18:28:49.014648+00:00",
      "action_flag": 3,
      "change_message": ""
   }
},
{
   "model": "admin.logentry",
   "pk": 343,
   "fields": {
      "action_time": "2019-07-27T11:29:53.394Z",
      "user": 1,
      "content_type": 14,
      "object_id": "46",
      "object_repr": "Product 46 Dried Fruit 2019-07-19 18:27:39.088867+00:00",
      "action_flag": 3,
      "change_message": ""
   }
},
{
   "model": "admin.logentry",
   "pk": 344,
   "fields": {
      "action_time": "2019-07-27T11:29:53.583Z",
      "user": 1,
      "content_type": 14,
      "object_id": "45",
      "object_repr": "Product 45 Dried Fruit 2019-07-19 18:24:05.904296+00:00",
      "action_flag": 3,
      "change_message": ""
   }
},
{
   "model": "admin.logentry",
   "pk": 345,
   "fields": {
      "action_time": "2019-07-27T11:29:53.831Z",
      "user": 1,
      "content_type": 14,
      "object_id": "44",
      "object_repr": "Product 44 Dried Fruit 2019-07-19 18:17:47.722656+00:00",
      "action_flag": 3,
      "change_message": ""
   }
},
{
   "model": "admin.logentry",
   "pk": 346,
   "fields": {
      "action_time": "2019-07-27T11:29:53.945Z",
      "user": 1,
      "content_type": 14,
      "object_id": "43",
      "object_repr": "Product 43 Liberte Kefir 2019-07-19 18:17:35.803711+00:00",
      "action_flag": 3,
      "change_message": ""
   }
},
{
   "model": "admin.logentry",
   "pk": 347,
   "fields": {
      "action_time": "2019-07-27T11:29:54.083Z",
      "user": 1,
      "content_type": 14,
      "object_id": "42",
      "object_repr": "Product 42 Natura CHIA bar 2019-07-19 18:17:26.565429+00:00",
      "action_flag": 3,
      "change_message": ""
   }
},
{
   "model": "admin.logentry",
   "pk": 348,
   "fields": {
      "action_time": "2019-07-27T11:29:54.203Z",
      "user": 1,
      "content_type": 14,
      "object_id": "41",
      "object_repr": "Product 41 Liberte Kefir 2019-07-19 18:02:20.671875+00:00",
      "action_flag": 3,
      "change_message": ""
   }
},
{
   "model": "admin.logentry",
   "pk": 349,
   "fields": {
      "action_time": "2019-07-27T11:29:54.378Z",
      "user": 1,
      "content_type": 14,
      "object_id": "40",
      "object_repr": "Product 40 Berry White 2019-07-19 16:23:39.741211+00:00",
      "action_flag": 3,
      "change_message": ""
   }
},
{
   "model": "admin.logentry",
   "pk": 350,
   "fields": {
      "action_time": "2019-07-27T11:29:54.519Z",
      "user": 1,
      "content_type": 14,
      "object_id": "39",
      "object_repr": "Product 39 Cherry 2019-07-13 17:32:26.634765+00:00",
      "action_flag": 3,
      "change_message": ""
   }
},
{
   "model": "admin.logentry",
   "pk": 351,
   "fields": {
      "action_time": "2019-07-27T11:29:54.644Z",
      "user": 1,
      "content_type": 14,
      "object_id": "38",
      "object_repr": "Product 38 Dried Fruit 2019-07-13 17:32:00.311523+00:00",
      "action_flag": 3,
      "change_message": ""
   }
},
{
   "model": "admin.logentry",
   "pk": 352,
   "fields": {
      "action_time": "2019-07-27T11:29:54.752Z",
      "user": 1,
      "content_type": 14,
      "object_id": "37",
      "object_repr": "Product 37 Angelic bread 2019-07-13 08:00:01.727539+00:00",
      "action_flag": 3,
      "change_message": ""
   }
},
{
   "model": "admin.logentry",
   "pk": 353,
   "fields": {
      "action_time": "2019-07-27T11:29:54.852Z",
      "user": 1,
      "content_type": 14,
      "object_id": "36",
      "object_repr": "Product 36 Frisp mango crisps 2019-07-11 20:02:41.653320+00:00",
      "action_flag": 3,
      "change_message": ""
   }
},
{
   "model": "admin.logentry",
   "pk": 354,
   "fields": {
      "action_time": "2019-07-27T11:29:54.981Z",
      "user": 1,
      "content_type": 14,
      "object_id": "35",
      "object_repr": "Product 35 Organic Turkish Apricots 2019-07-11 19:52:46.777343+00:00",
      "action_flag": 3,
      "change_message": ""
   }
},
{
   "model": "admin.logentry",
   "pk": 355,
   "fields": {
      "action_time": "2019-07-27T11:29:55.135Z",
      "user": 1,
      "content_type": 14,
      "object_id": "34",
      "object_repr": "Product 34 Organic Turkish Apricots 2019-07-11 19:29:35.036132+00:00",
      "action_flag": 3,
      "change_message": ""
   }
},
{
   "model": "admin.logentry",
   "pk": 356,
   "fields": {
      "action_time": "2019-07-27T11:29:55.294Z",
      "user": 1,
      "content_type": 14,
      "object_id": "33",
      "object_repr": "Product 33 Organic Turkish Apricots 2019-07-11 19:04:23.228515+00:00",
      "action_flag": 3,
      "change_message": ""
   }
},
{
   "model": "admin.logentry",
   "pk": 357,
   "fields": {
      "action_time": "2019-07-27T11:29:55.412Z",
      "user": 1,
      "content_type": 14,
      "object_id": "32",
      "object_repr": "Product 32 Little Cremes 2019-07-11 18:18:37.334960+00:00",
      "action_flag": 3,
      "change_message": ""
   }
},
{
   "model": "admin.logentry",
   "pk": 358,
   "fields": {
      "action_time": "2019-07-27T11:29:55.544Z",
      "user": 1,
      "content_type": 14,
      "object_id": "31",
      "object_repr": "Product 31 Angelic bread 2019-07-11 17:02:43.583984+00:00",
      "action_flag": 3,
      "change_message": ""
   }
},
{
   "model": "admin.logentry",
   "pk": 359,
   "fields": {
      "action_time": "2019-07-27T11:29:55.644Z",
      "user": 1,
      "content_type": 14,
      "object_id": "30",
      "object_repr": "Product 30 Angelic bread 2019-07-10 21:32:57.092773+00:00",
      "action_flag": 3,
      "change_message": ""
   }
},
{
   "model": "admin.logentry",
   "pk": 360,
   "fields": {
      "action_time": "2019-07-27T11:29:55.755Z",
      "user": 1,
      "content_type": 14,
      "object_id": "29",
      "object_repr": "Product 29 Angelic bread 2019-07-10 19:38:54.128906+00:00",
      "action_flag": 3,
      "change_message": ""
   }
},
{
   "model": "admin.logentry",
   "pk": 361,
   "fields": {
      "action_time": "2019-07-27T11:29:55.870Z",
      "user": 1,
      "content_type": 14,
      "object_id": "28",
      "object_repr": "Product 28 Little Cremes 2019-07-10 19:36:16.412109+00:00",
      "action_flag": 3,
      "change_message": ""
   }
},
{
   "model": "admin.logentry",
   "pk": 362,
   "fields": {
      "action_time": "2019-07-27T11:29:55.954Z",
      "user": 1,
      "content_type": 14,
      "object_id": "27",
      "object_repr": "Product 27 Natura CHIA bar 2019-07-08 20:30:57.010726+00:00",
      "action_flag": 3,
      "change_message": ""
   }
},
{
   "model": "admin.logentry",
   "pk": 363,
   "fields": {
      "action_time": "2019-07-27T11:29:56.061Z",
      "user": 1,
      "content_type": 14,
      "object_id": "26",
      "object_repr": "Product 26 Liberte Kefir 2019-07-08 20:14:43.074203+00:00",
      "action_flag": 3,
      "change_message": ""
   }
},
{
   "model": "admin.logentry",
   "pk": 364,
   "fields": {
      "action_time": "2019-07-27T11:29:56.186Z",
      "user": 1,
      "content_type": 14,
      "object_id": "25",
      "object_repr": "Product 25 Yoghurt Frutti 2019-07-08 20:14:31.550765+00:00",
      "action_flag": 3,
      "change_message": ""
   }
},
{
   "model": "admin.logentry",
   "pk": 365,
   "fields": {
      "action_time": "2019-07-27T11:30:17.614Z",
      "user": 1,
      "content_type": 8,
      "object_id": "24",
      "object_repr": "Order 24 meme 1. New Order",
      "action_flag": 3,
      "change_message": ""
   }
},
{
   "model": "admin.logentry",
   "pk": 366,
   "fields": {
      "action_time": "2019-07-27T11:30:17.728Z",
      "user": 1,
      "content_type": 8,
      "object_id": "23",
      "object_repr": "Order 23 meme 1. New Order",
      "action_flag": 3,
      "change_message": ""
   }
},
{
   "model": "admin.logentry",
   "pk": 367,
   "fields": {
      "action_time": "2019-07-27T11:30:17.842Z",
      "user": 1,
      "content_type": 8,
      "object_id": "22",
      "object_repr": "Order 22 rrr 1. New Order",
      "action_flag": 3,
      "change_message": ""
   }
},
{
   "model": "admin.logentry",
   "pk": 368,
   "fields": {
      "action_time": "2019-07-27T11:30:18.066Z",
      "user": 1,
      "content_type": 8,
      "object_id": "21",
      "object_repr": "Order 21 rrr 1. New Order",
      "action_flag": 3,
      "change_message": ""
   }
},
{
   "model": "admin.logentry",
   "pk": 369,
   "fields": {
      "action_time": "2019-07-27T11:30:18.165Z",
      "user": 1,
      "content_type": 8,
      "object_id": "20",
      "object_repr": "Order 20 test_user 1. New Order",
      "action_flag": 3,
      "change_message": ""
   }
},
{
   "model": "admin.logentry",
   "pk": 370,
   "fields": {
      "action_time": "2019-07-27T11:30:18.256Z",
      "user": 1,
      "content_type": 8,
      "object_id": "19",
      "object_repr": "Order 19 test_user 1. New Order",
      "action_flag": 3,
      "change_message": ""
   }
},
{
   "model": "admin.logentry",
   "pk": 371,
   "fields": {
      "action_time": "2019-07-27T11:30:18.356Z",
      "user": 1,
      "content_type": 8,
      "object_id": "18",
      "object_repr": "Order 18 test_user 1. New Order",
      "action_flag": 3,
      "change_message": ""
   }
},
{
   "model": "admin.logentry",
   "pk": 372,
   "fields": {
      "action_time": "2019-07-27T11:30:18.444Z",
      "user": 1,
      "content_type": 8,
      "object_id": "17",
      "object_repr": "Order 17 test_user 1. New Order",
      "action_flag": 3,
      "change_message": ""
   }
},
{
   "model": "admin.logentry",
   "pk": 373,
   "fields": {
      "action_time": "2019-07-27T11:30:18.532Z",
      "user": 1,
      "content_type": 8,
      "object_id": "16",
      "object_repr": "Order 16 test1 1. New Order",
      "action_flag": 3,
      "change_message": ""
   }
},
{
   "model": "admin.logentry",
   "pk": 374,
   "fields": {
      "action_time": "2019-07-27T11:30:18.632Z",
      "user": 1,
      "content_type": 8,
      "object_id": "15",
      "object_repr": "Order 15 test1 1. New Order",
      "action_flag": 3,
      "change_message": ""
   }
},
{
   "model": "admin.logentry",
   "pk": 375,
   "fields": {
      "action_time": "2019-07-27T11:30:18.801Z",
      "user": 1,
      "content_type": 8,
      "object_id": "14",
      "object_repr": "Order 14 test1 1. New Order",
      "action_flag": 3,
      "change_message": ""
   }
},
{
   "model": "admin.logentry",
   "pk": 376,
   "fields": {
      "action_time": "2019-07-27T11:30:18.931Z",
      "user": 1,
      "content_type": 8,
      "object_id": "13",
      "object_repr": "Order 13 test1 1. New Order",
      "action_flag": 3,
      "change_message": ""
   }
},
{
   "model": "admin.logentry",
   "pk": 377,
   "fields": {
      "action_time": "2019-07-27T11:30:19.032Z",
      "user": 1,
      "content_type": 8,
      "object_id": "12",
      "object_repr": "Order 12 test1 1. New Order",
      "action_flag": 3,
      "change_message": ""
   }
},
{
   "model": "admin.logentry",
   "pk": 378,
   "fields": {
      "action_time": "2019-07-27T11:30:19.124Z",
      "user": 1,
      "content_type": 8,
      "object_id": "11",
      "object_repr": "Order 11 test1 1. New Order",
      "action_flag": 3,
      "change_message": ""
   }
},
{
   "model": "admin.logentry",
   "pk": 379,
   "fields": {
      "action_time": "2019-07-27T11:30:19.223Z",
      "user": 1,
      "content_type": 8,
      "object_id": "10",
      "object_repr": "Order 10 test_user2 1. New Order",
      "action_flag": 3,
      "change_message": ""
   }
},
{
   "model": "admin.logentry",
   "pk": 380,
   "fields": {
      "action_time": "2019-07-27T11:30:19.315Z",
      "user": 1,
      "content_type": 8,
      "object_id": "9",
      "object_repr": "Order 9 test_user2 1. New Order",
      "action_flag": 3,
      "change_message": ""
   }
},
{
   "model": "admin.logentry",
   "pk": 381,
   "fields": {
      "action_time": "2019-07-27T11:30:49.102Z",
      "user": 1,
      "content_type": 4,
      "object_id": "7",
      "object_repr": "++2093683717",
      "action_flag": 3,
      "change_message": ""
   }
},
{
   "model": "admin.logentry",
   "pk": 382,
   "fields": {
      "action_time": "2019-07-27T11:30:49.196Z",
      "user": 1,
      "content_type": 4,
      "object_id": "6",
      "object_repr": "+2093683717",
      "action_flag": 3,
      "change_message": ""
   }
},
{
   "model": "admin.logentry",
   "pk": 383,
   "fields": {
      "action_time": "2019-07-27T11:30:49.312Z",
      "user": 1,
      "content_type": 4,
      "object_id": "5",
      "object_repr": "+45454545",
      "action_flag": 3,
      "change_message": ""
   }
},
{
   "model": "admin.logentry",
   "pk": 384,
   "fields": {
      "action_time": "2019-07-27T11:30:49.396Z",
      "user": 1,
      "content_type": 4,
      "object_id": "12",
      "object_repr": "444",
      "action_flag": 3,
      "change_message": ""
   }
},
{
   "model": "admin.logentry",
   "pk": 385,
   "fields": {
      "action_time": "2019-07-27T11:30:49.489Z",
      "user": 1,
      "content_type": 4,
      "object_id": "13",
      "object_repr": "5454",
      "action_flag": 3,
      "change_message": ""
   }
},
{
   "model": "admin.logentry",
   "pk": 386,
   "fields": {
      "action_time": "2019-07-27T11:30:49.571Z",
      "user": 1,
      "content_type": 4,
      "object_id": "8",
      "object_repr": "90909090",
      "action_flag": 3,
      "change_message": ""
   }
},
{
   "model": "admin.logentry",
   "pk": 387,
   "fields": {
      "action_time": "2019-07-27T11:30:49.663Z",
      "user": 1,
      "content_type": 4,
      "object_id": "10",
      "object_repr": "9229643270",
      "action_flag": 3,
      "change_message": ""
   }
},
{
   "model": "admin.logentry",
   "pk": 388,
   "fields": {
      "action_time": "2019-07-27T11:30:49.747Z",
      "user": 1,
      "content_type": 4,
      "object_id": "9",
      "object_repr": "test1",
      "action_flag": 3,
      "change_message": ""
   }
},
{
   "model": "admin.logentry",
   "pk": 389,
   "fields": {
      "action_time": "2019-07-27T11:30:49.833Z",
      "user": 1,
      "content_type": 4,
      "object_id": "11",
      "object_repr": "test_user",
      "action_flag": 3,
      "change_message": ""
   }
},
{
   "model": "admin.logentry",
   "pk": 390,
   "fields": {
      "action_time": "2019-07-27T14:24:05.939Z",
      "user": 1,
      "content_type": 16,
      "object_id": "1",
      "object_repr": "Image 1, Colorful pattern",
      "action_flag": 1,
      "change_message": "[{\"added\": {}}]"
   }
},
{
   "model": "admin.logentry",
   "pk": 391,
   "fields": {
      "action_time": "2019-07-27T15:04:37.225Z",
      "user": 1,
      "content_type": 16,
      "object_id": "1",
      "object_repr": "Image 1, Colorful pattern",
      "action_flag": 3,
      "change_message": ""
   }
},
{
   "model": "admin.logentry",
   "pk": 392,
   "fields": {
      "action_time": "2019-07-27T15:08:56.344Z",
      "user": 1,
      "content_type": 16,
      "object_id": "2",
      "object_repr": "Image 2, Colorful pattern",
      "action_flag": 1,
      "change_message": "[{\"added\": {}}]"
   }
},
{
   "model": "admin.logentry",
   "pk": 393,
   "fields": {
      "action_time": "2019-07-27T19:19:38.147Z",
      "user": 1,
      "content_type": 16,
      "object_id": "2",
      "object_repr": "Image 2, Colorful pattern",
      "action_flag": 2,
      "change_message": "[{\"changed\": {\"fields\": [\"is_active\"]}}]"
   }
},
{
   "model": "admin.logentry",
   "pk": 394,
   "fields": {
      "action_time": "2019-07-27T19:20:00.273Z",
      "user": 1,
      "content_type": 16,
      "object_id": "2",
      "object_repr": "Image 2, Colorful pattern",
      "action_flag": 2,
      "change_message": "[{\"changed\": {\"fields\": [\"is_active\"]}}]"
   }
},
{
   "model": "admin.logentry",
   "pk": 395,
   "fields": {
      "action_time": "2019-08-05T16:45:36.833Z",
      "user": 1,
      "content_type": 4,
      "object_id": "14",
      "object_repr": "test@mail.com",
      "action_flag": 2,
      "change_message": "[{\"changed\": {\"fields\": [\"password\"]}}]"
   }
},
{
   "model": "admin.logentry",
   "pk": 396,
   "fields": {
      "action_time": "2019-08-08T18:17:31.679Z",
      "user": 1,
      "content_type": 7,
      "object_id": "4",
      "object_repr": "sese@trtrt.ru",
      "action_flag": 3,
      "change_message": ""
   }
},
{
   "model": "admin.logentry",
   "pk": 397,
   "fields": {
      "action_time": "2019-08-08T18:17:31.778Z",
      "user": 1,
      "content_type": 7,
      "object_id": "3",
      "object_repr": "mail@mail.ru",
      "action_flag": 3,
      "change_message": ""
   }
},
{
   "model": "admin.logentry",
   "pk": 398,
   "fields": {
      "action_time": "2019-08-08T18:17:31.870Z",
      "user": 1,
      "content_type": 7,
      "object_id": "2",
      "object_repr": "mail@mail.ru",
      "action_flag": 3,
      "change_message": ""
   }
},
{
   "model": "admin.logentry",
   "pk": 399,
   "fields": {
      "action_time": "2019-08-08T18:17:31.955Z",
      "user": 1,
      "content_type": 7,
      "object_id": "1",
      "object_repr": "mail@mail.ru",
      "action_flag": 3,
      "change_message": ""
   }
},
{
   "model": "admin.logentry",
   "pk": 400,
   "fields": {
      "action_time": "2019-08-09T03:08:00.301Z",
      "user": 1,
      "content_type": 7,
      "object_id": "6",
      "object_repr": "qq@gmail.com",
      "action_flag": 3,
      "change_message": ""
   }
},
{
   "model": "admin.logentry",
   "pk": 401,
   "fields": {
      "action_time": "2019-08-09T03:08:00.407Z",
      "user": 1,
      "content_type": 7,
      "object_id": "5",
      "object_repr": "sese@trtrt.ru",
      "action_flag": 3,
      "change_message": ""
   }
},
{
   "model": "admin.logentry",
   "pk": 402,
   "fields": {
      "action_time": "2019-08-09T03:08:14.237Z",
      "user": 1,
      "content_type": 7,
      "object_id": "7",
      "object_repr": "qq@gmail.com",
      "action_flag": 3,
      "change_message": ""
   }
},
{
   "model": "admin.logentry",
   "pk": 403,
   "fields": {
      "action_time": "2019-08-10T12:47:17.142Z",
      "user": 1,
      "content_type": 8,
      "object_id": "40",
      "object_repr": "Order 40 test9@rrr.ttt 1. New Order",
      "action_flag": 3,
      "change_message": ""
   }
},
{
   "model": "admin.logentry",
   "pk": 404,
   "fields": {
      "action_time": "2019-08-10T12:47:17.251Z",
      "user": 1,
      "content_type": 8,
      "object_id": "39",
      "object_repr": "Order 39 test8@rrr.ty 1. New Order",
      "action_flag": 3,
      "change_message": ""
   }
},
{
   "model": "admin.logentry",
   "pk": 405,
   "fields": {
      "action_time": "2019-08-10T12:47:17.381Z",
      "user": 1,
      "content_type": 8,
      "object_id": "38",
      "object_repr": "Order 38 test7@ttt.ru 1. New Order",
      "action_flag": 3,
      "change_message": ""
   }
},
{
   "model": "admin.logentry",
   "pk": 406,
   "fields": {
      "action_time": "2019-08-10T12:47:17.486Z",
      "user": 1,
      "content_type": 8,
      "object_id": "37",
      "object_repr": "Order 37 test7@ttt.ru 1. New Order",
      "action_flag": 3,
      "change_message": ""
   }
},
{
   "model": "admin.logentry",
   "pk": 407,
   "fields": {
      "action_time": "2019-08-10T12:47:17.609Z",
      "user": 1,
      "content_type": 8,
      "object_id": "36",
      "object_repr": "Order 36 test6@ttt.ru 1. New Order",
      "action_flag": 3,
      "change_message": ""
   }
},
{
   "model": "admin.logentry",
   "pk": 408,
   "fields": {
      "action_time": "2019-08-10T12:47:17.710Z",
      "user": 1,
      "content_type": 8,
      "object_id": "35",
      "object_repr": "Order 35 test5@ttt.ru 1. New Order",
      "action_flag": 3,
      "change_message": ""
   }
},
{
   "model": "admin.logentry",
   "pk": 409,
   "fields": {
      "action_time": "2019-08-10T12:47:17.835Z",
      "user": 1,
      "content_type": 8,
      "object_id": "34",
      "object_repr": "Order 34 test4@mmail.ru 1. New Order",
      "action_flag": 3,
      "change_message": ""
   }
},
{
   "model": "admin.logentry",
   "pk": 410,
   "fields": {
      "action_time": "2019-08-10T12:47:17.944Z",
      "user": 1,
      "content_type": 8,
      "object_id": "33",
      "object_repr": "Order 33 test4@mmail.ru 1. New Order",
      "action_flag": 3,
      "change_message": ""
   }
},
{
   "model": "admin.logentry",
   "pk": 411,
   "fields": {
      "action_time": "2019-08-10T12:47:18.043Z",
      "user": 1,
      "content_type": 8,
      "object_id": "32",
      "object_repr": "Order 32 test4@mmail.ru 1. New Order",
      "action_flag": 3,
      "change_message": ""
   }
},
{
   "model": "admin.logentry",
   "pk": 412,
   "fields": {
      "action_time": "2019-08-10T12:47:18.144Z",
      "user": 1,
      "content_type": 8,
      "object_id": "31",
      "object_repr": "Order 31 test4@mmail.ru 1. New Order",
      "action_flag": 3,
      "change_message": ""
   }
},
{
   "model": "admin.logentry",
   "pk": 413,
   "fields": {
      "action_time": "2019-08-10T12:47:18.298Z",
      "user": 1,
      "content_type": 8,
      "object_id": "30",
      "object_repr": "Order 30 test3@ttt.ru 1. New Order",
      "action_flag": 3,
      "change_message": ""
   }
},
{
   "model": "admin.logentry",
   "pk": 414,
   "fields": {
      "action_time": "2019-08-10T12:47:18.405Z",
      "user": 1,
      "content_type": 8,
      "object_id": "29",
      "object_repr": "Order 29 test3@ttt.ru 1. New Order",
      "action_flag": 3,
      "change_message": ""
   }
},
{
   "model": "admin.logentry",
   "pk": 415,
   "fields": {
      "action_time": "2019-08-10T12:47:18.495Z",
      "user": 1,
      "content_type": 8,
      "object_id": "28",
      "object_repr": "Order 28 test3@ttt.ru 1. New Order",
      "action_flag": 3,
      "change_message": ""
   }
},
{
   "model": "admin.logentry",
   "pk": 416,
   "fields": {
      "action_time": "2019-08-10T12:47:18.604Z",
      "user": 1,
      "content_type": 8,
      "object_id": "27",
      "object_repr": "Order 27 test3@ttt.ru 1. New Order",
      "action_flag": 3,
      "change_message": ""
   }
},
{
   "model": "admin.logentry",
   "pk": 417,
   "fields": {
      "action_time": "2019-08-10T12:47:18.707Z",
      "user": 1,
      "content_type": 8,
      "object_id": "26",
      "object_repr": "Order 26 name_test 1. New Order",
      "action_flag": 3,
      "change_message": ""
   }
},
{
   "model": "admin.logentry",
   "pk": 418,
   "fields": {
      "action_time": "2019-08-10T12:47:18.819Z",
      "user": 1,
      "content_type": 8,
      "object_id": "25",
      "object_repr": "Order 25 name_test 1. New Order",
      "action_flag": 3,
      "change_message": ""
   }
},
{
   "model": "admin.logentry",
   "pk": 419,
   "fields": {
      "action_time": "2019-08-11T08:39:57.144Z",
      "user": 1,
      "content_type": 8,
      "object_id": "49",
      "object_repr": "Order 49 None 1. New Order",
      "action_flag": 3,
      "change_message": ""
   }
},
{
   "model": "admin.logentry",
   "pk": 420,
   "fields": {
      "action_time": "2019-08-11T08:39:57.239Z",
      "user": 1,
      "content_type": 8,
      "object_id": "47",
      "object_repr": "Order 47 None 1. New Order",
      "action_flag": 3,
      "change_message": ""
   }
},
{
   "model": "admin.logentry",
   "pk": 421,
   "fields": {
      "action_time": "2019-08-11T08:47:12.788Z",
      "user": 1,
      "content_type": 8,
      "object_id": "50",
      "object_repr": "Order 50 None 6. Delivered",
      "action_flag": 2,
      "change_message": "[{\"changed\": {\"fields\": [\"status\"]}}]"
   }
},
{
   "model": "admin.logentry",
   "pk": 422,
   "fields": {
      "action_time": "2019-08-11T08:47:30.019Z",
      "user": 1,
      "content_type": 8,
      "object_id": "45",
      "object_repr": "Order 45 test11@ttt.ru Declined",
      "action_flag": 2,
      "change_message": "[{\"changed\": {\"fields\": [\"status\"]}}]"
   }
},
{
   "model": "admin.logentry",
   "pk": 423,
   "fields": {
      "action_time": "2019-08-11T08:48:37.316Z",
      "user": 1,
      "content_type": 9,
      "object_id": "1",
      "object_repr": "Status [1] New Order",
      "action_flag": 2,
      "change_message": "[{\"changed\": {\"fields\": [\"name\"]}}]"
   }
},
{
   "model": "admin.logentry",
   "pk": 424,
   "fields": {
      "action_time": "2019-08-11T08:48:56.783Z",
      "user": 1,
      "content_type": 9,
      "object_id": "2",
      "object_repr": "Status [2] Confirmed by buyer",
      "action_flag": 2,
      "change_message": "[{\"changed\": {\"fields\": [\"name\"]}}]"
   }
},
{
   "model": "admin.logentry",
   "pk": 425,
   "fields": {
      "action_time": "2019-08-11T08:49:09.994Z",
      "user": 1,
      "content_type": 9,
      "object_id": "3",
      "object_repr": "Status [3] Payed",
      "action_flag": 2,
      "change_message": "[{\"changed\": {\"fields\": [\"name\"]}}]"
   }
},
{
   "model": "admin.logentry",
   "pk": 426,
   "fields": {
      "action_time": "2019-08-11T08:51:55.963Z",
      "user": 1,
      "content_type": 9,
      "object_id": "4",
      "object_repr": "Status [4] In Preparation",
      "action_flag": 2,
      "change_message": "[{\"changed\": {\"fields\": [\"name\"]}}]"
   }
},
{
   "model": "admin.logentry",
   "pk": 427,
   "fields": {
      "action_time": "2019-08-11T08:57:29.508Z",
      "user": 1,
      "content_type": 9,
      "object_id": "5",
      "object_repr": "Status [5] Have been sent",
      "action_flag": 2,
      "change_message": "[{\"changed\": {\"fields\": [\"name\"]}}]"
   }
},
{
   "model": "admin.logentry",
   "pk": 428,
   "fields": {
      "action_time": "2019-08-11T08:57:48.053Z",
      "user": 1,
      "content_type": 9,
      "object_id": "6",
      "object_repr": "Status [6] Delivered",
      "action_flag": 2,
      "change_message": "[{\"changed\": {\"fields\": [\"name\"]}}]"
   }
},
{
   "model": "admin.logentry",
   "pk": 429,
   "fields": {
      "action_time": "2019-08-11T08:58:19.036Z",
      "user": 1,
      "content_type": 9,
      "object_id": "7",
      "object_repr": "Status DECLINED",
      "action_flag": 2,
      "change_message": "[{\"changed\": {\"fields\": [\"name\"]}}]"
   }
},
{
   "model": "admin.logentry",
   "pk": 430,
   "fields": {
      "action_time": "2019-08-11T13:09:21.658Z",
      "user": 1,
      "content_type": 4,
      "object_id": "27",
      "object_repr": "test11@ttt.ru",
      "action_flag": 2,
      "change_message": "[{\"changed\": {\"fields\": [\"password\"]}}]"
   }
},
{
   "model": "admin.logentry",
   "pk": 431,
   "fields": {
      "action_time": "2019-08-12T18:09:24.122Z",
      "user": 1,
      "content_type": 11,
      "object_id": "1",
      "object_repr": "11.0, Yoghurt Frutti",
      "action_flag": 2,
      "change_message": "[{\"changed\": {\"fields\": [\"price\"]}}]"
   }
}
]
